Field ,Plot #,Row,Range,Ear Height 1,Flaf Leaf 1,Total Height1,Bottom internode1 ,Upper internode1,Ear Height2 ,Flaf Leaf2 ,Total Height2,Bottom internode2 ,Upper internode2,Person 
HYB-Hips ,4001,2,2,2.6,6.3,8.5,17.99,3.72,2.7,6.7,8.3,19,5.59,KL-CU
HYB-Hips ,4002,3,2,5.2,9.1,10.8,33.08,7.76,5.6,8.8,10.5,33.32,8.09,KL-CU
HYB-Hips ,4003,4,2,2.7,6.5,8.2,18,5,3.1,7.1,8.6,16,4.37,KL-CU
HYB-Hips ,4004,5,2,5.3,8.2,10.1,25,6,5.7,8.5,10.4,23,5.12,KL-CU
HYB-Hips ,4005,6,2,2.7,6.2,7.7,22,5,2.9,6.5,8.2,20,6.5,KL-CU
HYB-Hips ,4006,7,2,5.6,8.7,10.3,26,6,5.5,8.6,10.4,26,6.88,KL-CU
HYB-Hips ,4007,8,2,2.5,7.2,9.1,21,4,2.4,7.4,9.3,22,5.72,KL-CU
HYB-Hips ,4008,9,2,3.3,7,8.9,25,8,3.5,7.2,9,22,6.27,KL-CU
HYB-Hips ,4009,10,2,3,7.1,8.5,19,5,3.2,7.4,8.9,17,4.13,KL-CU
HYB-Hips ,4010,11,2,2.9,6.8,8.6,20,5,2.6,6.7,8.5,22,5.52,KL-CU
HYB-Hips ,4011,12,2,3.1,7.7,9.6,22,5,3.3,7.3,8.6,15,2.95,KL-CU
HYB-Hips ,4012,13,2,3.7,8.5,10.5,22,7,5.4,9.1,10.9,25,7.01,KL-CU
HYB-Hips ,4013,14,2,3.2,7.8,9.9,20,3,3.3,7.3,9.1,18,3.29,KL-CU
HYB-Hips ,4014,15,2,2.7,6.1,7.8,20,6,2.5,6.1,8.1,20,6.6,KL-CU
HYB-Hips ,4015,16,2,3,6,7.8,17,3,3.8,6.8,8.2,20,4,KL-CU
HYB-Hips ,4016,17,2,4.7,8,9.6,21,6,4.6,8.1,10.2,25,8,KL-CU
HYB-Hips ,4017,18,2,3.3,7.6,9,19,5,3.7,7.3,8.5,24,4,KL-CU
HYB-Hips ,4018,19,2,4,7.4,8.8,15,3,2.9,7.2,8.9,18,4,KL-CU
HYB-Hips ,4019,20,2,4.4,8.7,10.6,20,6,4.1,8.6,10.4,24,7,KL-CU
HYB-Hips ,4020,21,2,4.4,8.8,10,21,5,4.7,7.9,9,21,4,KL-CU
HYB-Hips ,4021,22,2,3.1,6.7,8.3,29,5,2.6,6.7,8.3,23,4,KL-CU
HYB-Hips ,4022,23,2,2.2,6.7,8.4,19,5,2.3,6.8,8.4,21,6,KL-CU
HYB-Hips ,4023,24,2,3.4,7,8.8,20,5,2.8,6.9,8.5,22,7,KL-CU
HYB-Hips ,4024,25,2,4.7,8.8,10.6,22,7,4.3,9.1,11.2,25,7,KL-CU
HYB-Hips ,4025,26,2,5.5,8.8,10.7,29,7,5.6,9.1,10.9,29,7,KL-CU
HYB-Hips ,4050,26,3,2.9,6.8,8.5,22,5,3.4,6.7,8.5,21,6,KL-CU
HYB-Hips ,4049,25,3,4.5,8.3,10.1,25,8,4.4,8.4,9.7,25,8,KL-CU
HYB-Hips ,4048,24,3,5.3,8.2,9.2,20,11,4.6,8,9,20,7,KL-CU
HYB-Hips ,4047,23,3,3.5,7,8.5,19,6,3.9,7,8.5,18,7,KL-CU
HYB-Hips ,4046,22,3,3,8,9.6,26,10,3.3,7.4,9.2,27,10,KL-CU
HYB-Hips ,4045,21,3,5.5,9.4,10.5,26,7.3,5.4,9.6,10.4,24,7,CU - KL
HYB-Hips ,4044,20,3,3,7.3,9,22,6.4,3.1,7.4,9.3,21,7,CU - KL
HYB-Hips ,4043,19,3,4.1,6.8,8,18,8.3,3.2,7.3,8.5,22,6,CU - KL
HYB-Hips ,4042,18,3,4.8,8.6,10.2,29,8.8,5.6,8.3,9.8,27,8,CU - KL
HYB-Hips ,4041,17,3,4.3,8.5,10.2,22,7.8,4.6,8.5,10.2,27,7,CU - KL
HYB-Hips ,4040,16,3,4.6,8.1,9.7,22,7.9,4.5,8.1,10,25,8,CU - KL
HYB-Hips ,4039,15,3,2.7,7.3,8.9,20,6,2.9,7.6,9.2,20,6,CU - KL
HYB-Hips ,4038,14,3,3.9,6.6,8,16,5,2.6,6.2,7.7,22,6,CU - KL
HYB-Hips ,4037,13,3,2.8,6.7,8.4,21,6,2.8,6.9,8.5,19,6,CU - KL
HYB-Hips ,4036,12,3,3.2,6.8,8.5,19,8,3.5,6.7,8.4,19,5,CU - KL
HYB-Hips ,4035,11,3,3.3,6.7,8.5,21,7,3.2,6.9,8.5,21,7,CU - KL
HYB-Hips ,4034,10,3,3.7,2.2,8.6,16,5,3.1,6.9,8.4,20,5,CU - KL
HYB-Hips ,4033,9,3,4,8,9.5,18,6,3.5,7.8,9.2,19,6,CU - KL
HYB-Hips ,4032,8,3,3.7,7.6,9.1,21,7,3.2,7.3,9.3,26,7,CU - KL
HYB-Hips ,4031,7,3,2.8,6.5,8.2,24,7,3,6.4,8.1,24,6,CU - KL
HYB-Hips ,4030,6,3,3.9,8.1,9.6,19,7,3.9,8.2,9.8,19,8,CU - KL
HYB-Hips ,4029,5,3,3.6,8,9.9,21,8,3.5,8,9.8,19,8,CU - KL
HYB-Hips ,4028,4,3,3.6,7.9,9.6,19,6,4.2,7.9,9.3,19,7,CU - KL
HYB-Hips ,4027,3,3,4.4,7.8,9.1,16,6,4.3,7.3,8.9,15,5,CU - KL
HYB-Hips ,4026,2,3,4,8.2,9.7,21,6,3.9,7.9,9.5,18,6,CU - KL
HYB-Hips ,4075,2,3,3,6.4,7.9,23,7,2.9,7,8.8,23,7,CU - KL
HYB-Hips ,4074,3,4,3.9,7,8.5,19,7,3.4,7.2,8.6,20,7,CU - KL
HYB-Hips ,4073,4,4,5.5,8.6,10.6,25.11,9,5,8.6,10.4,24,10,CU - KL
HYB-Hips ,4072,5,4,3.6,8.2,10,29.75,7,3.3,7.7,9.6,29,7,CU - KL
HYB-Hips ,4071,6,4,3.6,7.7,8.8,25.86,7,3.1,6.8,8.5,20,7,CU - KL
HYB-Hips ,4070,7,4,5.6,9.5,10.4,26.32,8,5.5,8.9,10.6,23,9,CU - KL
HYB-Hips ,4069,8,4,3.7,6.8,8.2,23.4,6,3,6.5,8,23,7,CU - KL
HYB-Hips ,4068,9,4,4,7.3,8.7,19.53,5,4.3,7.6,8.8,20,6,CU - KL
HYB-Hips ,4067,10,4,2.7,5.5,6.8,20.35,6,2.8,5.7,7.1,20,6,CU - KL
HYB-Hips ,4066,11,4,3.5,7.9,9.6,23.36,7,3.2,8.1,9.8,20,8,CU - KL
HYB-Hips ,4065,12,4,3,6.4,8.2,16.72,5,2.8,6.5,8.2,14.7,6,CU
HYB-Hips ,4064,13,4,2.6,6.4,8.2,22.59,5,2.6,6.6,8.3,23.05,5,CU
HYB-Hips ,4063,14,4,3.5,6.9,8.4,21.72,5,3.7,7.2,8.8,21.52,4,CU
HYB-Hips ,4062,15,4,3.9,7.6,9.3,20.93,6,3.8,7.7,9.3,23.85,7,CU
HYB-Hips ,4061,16,4,2.9,7,8.7,22.5,7,2.9,7.2,8.8,20.64,6,CU
HYB-Hips ,4060,17,4,3.1,7.5,9.1,19.46,6,3,7.6,9.3,20.99,4,CU
HYB-Hips ,4059,18,4,3.6,7.5,9.5,20.83,9,3.8,7,9.2,22.4,8,CU
HYB-Hips ,4058,19,4,3.7,7.4,8.9,18.39,6,3.1,7,8.7,19.23,6,CU
HYB-Hips ,4057,20,4,3.1,6.9,8.6,18.82,5,3.1,7,8.8,20.41,5,CU
HYB-Hips ,4056,21,4,3.2,7.2,8.8,18.43,5,3.9,7,8.3,17.12,5,CU
HYB-Hips ,4055,22,4,3.5,7.3,8.9,18.2,5,3.4,7,8.5,20.33,5,CU
HYB-Hips ,4054,23,4,3.8,8.2,9.8,15.8,5,4.1,8.4,10.2,19.9,7,CU
HYB-Hips ,4053,24,4,3.7,8.1,10,22.39,8,3.8,7.9,9.7,24.3,7,CU
HYB-Hips ,4052,25,4,2.3,6.4,8,19.93,4,2.5,6.8,8.2,18.92,4,CU
HYB-Hips ,4051,26,4,3.7,7.5,9,21.01,5,4.5,7.5,8.9,17.55,6,CU
HYB-Hips ,4100,26,5,3.7,7.1,8.9,21.57,7,3.7,7.8,9.3,25.05,6,KL 
HYB-Hips ,4099,25,5,3,6.7,8.6,24.23,6,3.2,6.9,8.7,20.72,6,KL
HYB-Hips ,4098,24,5,4.6,8.3,9.9,20.23,6,4.8,8.1,9.9,21.65,8,KL
HYB-Hips ,4097,23,5,4.9,9.2,10.9,27.79,8,4.7,6.7,10.3,23.99,8,KL 
HYB-Hips ,4096,22,5,3.2,6.6,8.3,19.21,4,2.6,6.7,8.5,20.18,8,KL
HYB-Hips ,4095,21,5,3.3,6.9,8.9,17.51,5,3.2,6.5,9.9,18.45,8,KL
HYB-Hips ,4094,20,5,5,8.8,10.6,22.56,8,5.9,9.5,11.7,25.36,5,KL 
HYB-Hips ,4093,19,5,2.9,7.3,9.7,20.66,6,3.4,7.1,9.1,21.26,4,KL
HYB-Hips ,4092,18,5,5.4,8.2,10.3,25.37,9,4.6,8.6,10.2,25.6,7,KL
HYB-Hips ,4091,17,5,3.1,7.8,9.8,20.72,6,3.1,7.9,9.7,23.25,5,KL 
HYB-Hips ,4090,16,5,4.2,7.2,8.7,19.31,5,3.7,7.7,9.1,20.64,6,KL
HYB-Hips ,4089,15,5,3.3,7,8.7,21.49,7,3,7,8.7,26.67,7,KL
HYB-Hips ,4088,14,5,3.5,6.8,8.7,26.64,6,3.4,6.6,8.4,26.23,5,KL 
HYB-Hips ,4087,13,5,3.2,7.1,9,24.62,6,3.5,7.2,8.9,21.81,8,KL
HYB-Hips ,4086,12,5,4,7.4,9.6,21.16,5,3.6,7.4,9.3,22.81,6,KL
HYB-Hips ,4085,11,5,2.2,2.1,9.2,19.2,2,2.8,6.6,8.5,18.45,8,LL/KL
HYB-Hips ,4084,10,5,3.5,7.6,8.9,17.17,4,4.2,8.1,9.7,19.14,5,LL/KL
HYB-Hips ,4083,9,5,4,7.8,9.9,26.77,3,3.7,8,9.8,23.02,5,LL/KL
HYB-Hips ,4082,8,5,3.1,7.4,9.5,21.62,2,2.9,7.2,8.9,16.09,5,LL/KL
HYB-Hips ,4081,7,5,2.8,7,8.7,20.6,2,2.7,6.8,8.6,26.8,6,LL/KL
HYB-Hips ,4080,6,5,4.2,7.6,9.4,19.47,3,3.6,7.1,8.9,22.91,8,LL/KL
HYB-Hips ,4079,5,5,3.4,7.6,9.5,22.81,3,3.5,7.6,9.7,22.17,6,LL/KL
HYB-Hips ,4078,4,5,3.9,8.9,10.1,21.38,3,3.5,8.5,10,19.71,5,LL/KL
HYB-Hips ,4077,3,5,3.1,6.7,8.5,25.23,3,3,6.7,8.6,26.63,6,LL/KL
HYB-Hips ,4076,2,5,2.8,6.6,8.8,23.46,2,2.4,6.9,8.6,17.3,4,LL/KL
HYB-Hips ,4101,2,6,3.5,6.9,8.5,18.49,3,3.1,6.6,8.1,17.67,5,LL/KL
HYB-Hips ,4102,3,6,3.5,7.5,9.2,22.37,3,3.2,7.9,9.7,23.55,6,LL/KL
HYB-Hips ,4103,4,6,4.1,8.3,9.9,21.94,3,3.6,6.7,9.5,24.99,6,LL/KL
HYB-Hips ,4104,5,6,3.2,7.6,9.5,21,3,3.1,7.6,9.7,26.48,6,LL/KL
HYB-Hips ,4105,6,6,3.5,7.7,9.5,19.09,3,3,7.4,9.4,19.9,7,LL/KL
HYB-Hips ,4106,7,6,3,6.5,8.1,17.14,3,3.8,6.5,7.8,17.83,6,LL/KL
HYB-Hips ,4107,8,6,4,8.1,9.8,18.9,3,3.7,8,9.8,21.19,6,LL/KL
HYB-Hips ,4108,9,6,4,8.6,10.6,19.81,3,3.8,7.4,8.9,15.96,4,LL/KL
HYB-Hips ,4109,10,6,4.8,8.5,10.1,22.25,4,4,8,10,24.17,5,LL/KL
HYB-Hips ,4110,11,6,2.6,6.5,8.9,26.21,3,3.7,7.4,9,19.76,6,LL/KL
HYB-Hips ,4111,12,6,3.5,7.5,9.1,33.19,4,4.7,7.8,9.3,20.66,6,LL/KL
HYB-Hips ,4112,13,6,3.6,7.4,8.8,13.58,2,2.8,6.7,8.3,22.99,6,LL/KL
HYB-Hips ,4113,14,6,4.9,9.1,10.3,27.24,4,4.8,8.5,10.2,27.71,7,LL/KL
HYB-Hips ,4114,15,6,4.1,8,9.8,25.1,4,4.4,7.9,9..5,24.93,6,LL/KL
HYB-Hips ,4115,16,6,3.2,6.3,7.9,18.71,3,3.5,6.3,7.6,22.07,5,LL/KL
HYB-Hips ,4116,17,6,2.9,6.1,8.4,20.67,3,3,7.1,8.8,23.4,4,LL/KL
HYB-Hips ,4117,18,6,3.1,7.1,8.5,19.94,3,3,7.4,8.8,19.6,5,LL/KL
HYB-Hips ,4118,19,6,3.1,7.4,8.8,18.49,3,3,7.2,8.6,18.23,5,LL/KL
HYB-Hips ,4119,20,6,2.8,7,8.7,19.36,3,3,7.1,8.9,20.39,5,LL/KL
HYB-Hips ,4120,21,6,2.7,6.1,8.7,19.1,4,3.2,6.9,8.5,22.31,5,LL/KL
HYB-Hips ,4121,22,6,2.6,6.7,8.5,19.44,5,3,7,8.7,19.87,4,LL/KL
HYB-Hips ,4122,23,6,3.4,7,8.6,20.03,4,3.2,7.2,8.7,17.6,4,LL/KL
HYB-Hips ,4123,24,6,3.5,7.2,8.9,18.93,7,3.5,7.3,9.1,24.08,7,LL/KL
HYB-Hips ,4124,25,6,2.9,6.9,8.5,25.02,7,2.8,6.1,8.4,24.76,6,LL/KL
HYB-Hips ,4125,26,6,2.7,7,8.6,23.16,5,2.9,7.4,8.9,20.63,5,LL/KL
HYB-Hips ,4150,26,7,4.7,8.3,9.9,25.14,9,3.6,7.8,9.8,28.42,9,LL/KL
HYB-Hips ,4149,25,7,4.4,8.1,10.1,20.14,7,4.8,8.5,10.1,18.22,5,LL/KL
HYB-Hips ,4148,24,7,2.6,7,8.5,25.13,5,2.8,7.3,9,20.32,3,LL/KL
HYB-Hips ,4147,23,7,3.2,7.8,9.6,22.76,6,3.1,8.4,10.2,23.49,5,LL/KL
HYB-Hips ,4146,22,7,3.2,7.5,9.4,19.15,6,3.2,7.5,9.4,17.26,3,LL/KL
HYB-Hips ,4145,21,7,3.4,7.7,9.1,21.1,5,4.2,7.6,8.7,16.07,4,LL/KL
HYB-Hips ,4144,20,7,3.6,7.9,9.4,25.32,5,3.4,7.2,9,18.11,5,LL/KL
HYB-Hips ,4143,19,7,5,9.2,10.6,23.15,8,4.6,8.7,10,24.52,7,LL/KL
HYB-Hips ,4142,18,7,2.5,6,8.1,21,3,3.5,6.8,8.5,19,4,LL/KL
HYB-Hips ,4141,17,7,4.1,8.2,10.2,27.55,4,4.4,8.2,10,24.81,5,LL/KL
HYB-Hips ,4140,16,7,3,6.6,8.1,19.88,2,2.8,6.5,8.1,29.44,5,LL/KL
HYB-Hips ,4139,15,7,3.2,7.1,8.7,18.47,2,2.4,7,8.6,18,4,LL/KL
HYB-Hips ,4138,14,7,3.1,7.2,8.6,22.85,2,2.7,6.8,8.8,25.14,5,LL/KL
HYB-Hips ,4137,13,7,3.4,7.4,9.2,23.12,2,2.9,7.3,8.9,16.66,4,LL/KL
HYB-Hips ,4136,12,7,3.1,7.3,9,18.22,2,2.9,7.6,9.2,18.23,4,LL/KL
HYB-Hips ,4135,11,7,3.3,6.5,7.9,13.55,2,2.9,6.7,8.2,22.04,5,LL/KL
HYB-Hips ,4134,10,7,4.2,7.9,10.1,24.35,3,3.6,8,10.2,23.38,7,LL/KL
HYB-Hips ,4133,9,7,3.4,7.3,9.2,25.54,3,3.1,7,9.2,24.73,3,LL/KL
HYB-Hips ,4132,8,7,2.8,6.4,8.2,21.19,3,3.4,6.8,8.9,22.58,4,LL/KL
HYB-Hips ,4131,7,7,3.4,6.8,8.4,26.68,3,3.3,7,8.6,21.46,6,LL/KL
HYB-Hips ,4130,6,7,2.9,7.3,9.5,18.83,3,3.2,6.8,8.6,17.5,6,LL/KL
HYB-Hips ,4129,5,7,3.7,7.2,9.2,25.73,3,3.5,7.2,9.2,24.11,4,LL/KL
HYB-Hips ,4128,4,7,3.2,7.1,8.8,14.64,2,2.9,6.9,8.9,18,3,LL/KL
HYB-Hips ,4127,3,7,3.1,7.8,9.5,25.07,3,3.7,8.2,8.8,20.01,5,LL/KL
HYB-Hips ,4126,2,7,3,7,8.5,21.87,3,3,7,8.8,21.01,4,LL/KL
HYB-Hips ,4151,2,8,2.6,6.5,8.4,19.82,5,2.8,6.4,8.3,27.54,6,LL/KL
HYB-Hips ,4152,3,8,3.4,6.8,8.6,18.92,5,2.9,6.7,8.4,15.65,5,LL/KL
HYB-Hips ,4153,4,8,4.7,8.2,9.4,26.97,8,5.5,8.5,10.3,29.92,8,LL/KL
HYB-Hips ,4154,5,8,2.9,7,8.9,18.56,8,2.9,7.3,9.2,20.83,6,LL/KL
HYB-Hips ,4155,6,8,4.2,8.3,10.2,24.1,6,3.9,8.1,10.1,19.6,5,LL/KL
HYB-Hips ,4156,7,8,4,8.7,10.7,20.81,4,4,8.1,10.1,23.8,7,LL/KL
HYB-Hips ,4157,8,8,3.7,8,9.7,18.76,6,4.3,7.7,9.3,20.11,6,LL/KL
HYB-Hips ,4158,9,8,5.02,9.1,10.8,26,6,5.5,9.3,11.1,23.53,8,LL/KL
HYB-Hips ,4159,10,8,3.1,8,9.8,21.02,6,3.3,7.3,9.1,23.91,6,LL/KL
HYB-Hips ,4160,11,8,1.7,6.6,8.2,19.05,5,2.1,6.8,8.3,17.49,6,LL/KL
HYB-Hips ,4161,12,8,4,7.6,9.2,22.35,6,3,7.4,9.6,21.7,8,LL/KL
HYB-Hips ,4162,13,8,4.4,8.4,10.5,23.41,6,4.3,8,9.9,21.43,7,LL/KL
HYB-Hips ,4163,14,8,3,6.1,8.1,22.5,6,2.9,6.5,8.1,25.23,8,LL/KL
HYB-Hips ,4164,15,8,3.1,6,7.2,22.38,5,3.2,6.1,7.4,20.5,6,LL/KL
HYB-Hips ,4165,16,8,3.5,7.2,8.9,18.15,5,3,7.3,9,18.05,5,LL/KL
HYB-Hips ,4166,17,8,3,7,8.8,22.68,6,3.3,7.1,8.8,18.47,6,LL/KL
HYB-Hips ,4167,18,8,3.3,7.7,9.5,22.94,7,3.3,7.1,8.9,25.15,8,LL/KL
HYB-Hips ,4168,19,8,3.7,7.8,9.6,21.66,6,4,8.3,9.7,25.65,8,LL/KL
HYB-Hips ,4169,20,8,3.6,8.3,9.7,20.97,5,3.8,8.3,10.2,25.81,6,LL/KL
HYB-Hips ,4170,21,8,3.1,7.8,9.5,20.59,7,3.44,7.9,9.9,20.11,6,LL/KL
HYB-Hips ,4171,22,8,4,7.2,9,15.24,3,3.3,7.8,8.8,23.72,6,LL/KL
HYB-Hips ,4172,23,8,3,6.9,8.2,16.82,3,3,6.6,7.9,21.65,5,LL/KL
HYB-Hips ,4173,24,8,5,9.1,10.7,20.72,5,4.2,9.7,10.5,19.8,6,LL/KL
HYB-Hips ,4174,25,8,5.2,8.5,10.4,25.45,6,5.1,9.2,10.8,26.59,8,LL/KL
HYB-Hips ,4175,26,8,3.2,7.1,9.5,24.86,7,3.9,8.1,9.5,23.71,5,LL/KL
HYB-Hips ,4200,26,9,2.6,6.7,8.6,20.79,4,3,6.5,8.4,26.55,7,LL/KL
HYB-Hips ,4199,25,9,4.4,7.8,9.4,25,6,3.6,7.5,8.5,28.74,7,LL/KL
HYB-Hips ,4198,24,9,3.7,7.8,9.8,28.09,5,3.3,7.5,8.9,19.82,6,LL/KL
HYB-Hips ,4197,23,9,3.9,7.4,9.5,23.2,6,3.4,7.3,9.1,24.68,7,LL/KL
HYB-Hips ,4196,22,9,2.8,6.9,8.2,20.65,9,3.9,7.2,9.4,17.53,5,LL/KL
HYB-Hips ,4195,21,9,4.4,8.2,10.2,30.86,8,4.3,8.1,9.8,25.53,7,LL/KL
HYB-Hips ,4194,20,9,4.1,8.3,10.1,31.33,4,4.7,7.9,9.7,24.65,7,LL/KL
HYB-Hips ,4193,19,9,3,7.5,9.2,20.73,6,2.9,7.4,9.3,21.97,5,LL/KL
HYB-Hips ,4192,18,9,4.2,7.6,9.6,27.61,8,3.3,7.5,9.4,29.86,6,LL/KL
HYB-Hips ,4191,17,9,3.9,8.3,9.9,18.24,5,4.7,8.2,9.9,19.57,5,LL/KL
HYB-Hips ,4190,16,9,3.8,7.9,10.3,23.87,6,4.3,8.2,9.7,23.98,6,LL/KL
HYB-Hips ,4189,15,9,3.9,7.4,9.2,31.26,7,3.5,7,9.3,35.34,7,LL/KL
HYB-Hips ,4188,14,9,4,7.9,9.8,24.82,6,3.9,7.9,9.7,19.41,8,LL/KL
HYB-Hips ,4187,13,9,4,7.1,8.7,15.37,5,4.2,7.3,9.1,18.22,5,LL/KL
HYB-Hips ,4186,12,9,2.7,6.7,8.3,22.01,6,2.8,6.1,8.3,24.94,5,LL/KL
HYB-Hips ,4185,11,9,2.9,6.8,8.2,17.53,6,2.4,5.8,8.1,22.16,6,LL/KL
HYB-Hips ,4184,10,9,3.4,8.1,10,19.04,5,2.5,7.4,9.2,28.47,7,LL/KL
HYB-Hips ,4183,9,9,2.3,5.4,6.8,21.11,2,2.6,5.3,6.2,13.54,4,LL/KL
HYB-Hips ,4182,8,9,4.6,7.6,9,19.67,3,3.8,6.6,9,22.04,5,LL/KL
HYB-Hips ,4181,7,9,3.4,7.5,9.5,20.14,3,3.4,7.8,9.6,18.31,6,LL/KL
HYB-Hips ,4180,6,9,3.5,7.5,9,21.35,4,4.8,8.5,9.7,21.9,5,LL/KL
HYB-Hips ,4179,5,9,3.2,6.7,8.5,24.52,3,3.3,7.4,8.9,18.65,5,LL/KL
HYB-Hips ,4178,4,9,3.4,7.8,9.6,20.85,2,2.9,6.9,8.9,29.61,4,LL/KL
HYB-Hips ,4177,3,9,4.3,8.4,9.7,18.6,4,4.9,8.2,9.9,26.77,6,LL/KL
HYB-Hips ,4176,2,9,2.3,5.6,7.2,19.97,2,2.5,6,7.7,17.2,6,LL/KL
HYB-Hips ,4201,2,10,3.3,6.5,8.2,18046,3,3.1,6.8,8.4,16.92,4,LL/KL
HYB-Hips ,4202,3,10,4.5,8.8,10.6,29.42,5,5.3,8.7,10.4,27.51,7,LL/KL
HYB-Hips ,4203,4,10,5,9.2,10.7,31.13,5,5.4,8.9,10.5,28.08,7,LL/KL
HYB-Hips ,4204,5,10,2.6,7.5,9.3,20.16,3,3.8,7.8,9.4,16.68,4,LL/KL
HYB-Hips ,4205,6,10,3.9,8.3,10.1,17.64,3,3.5,8.2,9.9,23.35,6,LL/KL
HYB-Hips ,4206,7,10,3.4,7.7,9.7,24.69,3,3.8,7.8,9.4,18.78,4,LL/KL
HYB-Hips ,4207,8,10,4.9,8.1,9.9,22.55,4,4.5,7.9,9.4,25.65,9,LL/KL
HYB-Hips ,4208,9,10,3.5,7.9,9.8,24.62,4,4,8.2,9.9,26.54,7,LL/KL
HYB-Hips ,4209,10,10,4,7.3,8.6,20.53,3,3.9,7.2,8.7,20.14,5,LL/KL
HYB-Hips ,4210,11,10,4.3,7.8,9.4,20.08,6,4.3,6.9,8.8,17.34,6,LL/KL
HYB-Hips ,4211,12,10,3,7.2,8.9,18.53,6,3,7.2,8.8,21.72,6,LL/KL
HYB-Hips ,4212,13,10,3.1,7.8,9.4,20.83,4,4.3,7.8,9.4,19.94,6,LL/KL
HYB-Hips ,4213,14,10,3.7,7.3,9.2,21.13,7,3.5,6.9,8.8,25.53,8,LL/KL
HYB-Hips ,4214,15,10,3.6,7.7,9.9,27.56,8,3.7,7.9,10,23.48,8,LL/KL
HYB-Hips ,4215,16,10,3.7,7.6,9.1,18.28,4,4.3,7.6,9.3,16.3,4,LL/KL
HYB-Hips ,4216,17,10,4.5,8.9,10.1,27.09,8,5,8.8,10.6,24.13,7,LL/KL
HYB-Hips ,4217,18,10,3.3,7.2,8.8,20.28,6,2.7,6.6,8.3,21.23,5,LL/KL
HYB-Hips ,4218,19,10,4.9,8.4,10.4,22.04,6,5,8.6,10.6,23.12,5,LL/KL
HYB-Hips ,4219,20,10,4.3,8.1,9.7,23.98,6,4.5,8.1,9.1,24.6,5,LL/KL
HYB-Hips ,4220,21,10,5.1,9.4,11,26.1,8,5.6,9.5,10.9,27.9,7,LL/KL
HYB-Hips ,4221,22,10,3.1,7.2,9,21.05,5,3.3,7.3,9.1,20.71,5,LL/KL
HYB-Hips ,4222,23,10,5,8.4,10,26.17,7,4.5,8.1,9.1,20.76,6,LL/KL
HYB-Hips ,4223,24,10,5,9.5,11.2,23.16,8,4.8,8.6,10.6,21.85,7,LL/KL
HYB-Hips ,4224,25,10,5.3,8.6,10.7,24.66,5,4.5,8.6,10.5,24.6,7,LL/KL
HYB-Hips ,4225,26,10,3.2,6.7,8.3,21.3,7,3.3,7,8.4,19.66,6,LL/KL
HYB-Hips ,4250,26,11,2.7,7,8.6,22.45,6,2.7,6.8,8.4,22.2,5,LL/KL
HYB-Hips ,4249,25,11,2.8,7,8.7,17.8,4,4,7.2,8.5,15.8,5,LL/KL
HYB-Hips ,4248,24,11,2.8,7,8.1,19.48,5,3.2,7.3,8.9,21.29,7,LL/KL
HYB-Hips ,4247,23,11,2.8,7.2,8.7,22.01,6,2.9,7,8.8,25.31,6,LL/KL
HYB-Hips ,4246,22,11,2.6,6.8,8.7,23.74,4,2.7,7,8.5,21.01,5,LL/KL
HYB-Hips ,4245,21,11,2.7,7.1,8.6,20.71,5,3.3,7,8.6,22,5,LL/KL
HYB-Hips ,4244,20,11,3.3,7,8.7,19.52,5,3.5,7.4,9.4,21.01,7,LL/KL
HYB-Hips ,4243,19,11,2.6,6.8,8.3,22.81,6,3,6.8,8.5,19.2,7,LL/KL
HYB-Hips ,4242,18,11,2.7,7,8.7,21.12,6,2.7,7.1,8.6,22.27,6,LL/KL
HYB-Hips ,4241,17,11,3.5,6.9,8.1,19.85,5,2.6,7,8.6,26.8,7,LL/KL
HYB-Hips ,4240,16,11,3.2,7,8.7,19.7,5,3.3,7.4,8.9,21.72,5,LL/KL
HYB-Hips ,4239,15,11,2.6,6.8,8.5,25.15,4,2.6,6.9,8.4,23.33,7,LL/KL
HYB-Hips ,4238,14,11,2.8,7.1,8.8,21.38,4,3.6,7.6,8.9,18.51,7,LL/KL
HYB-Hips ,4237,13,11,3.4,7.5,9.1,21.23,7,3,7.3,8.8,20,16,LL/KL
HYB-Hips ,4236,12,11,2.6,6.4,7.9,18.37,8,2.5,6,8.2,29.15,6,LL/KL
HYB-Hips ,4235,11,11,2.6,6.5,8.2,25.33,6,3.2,6.3,7.6,13.81,4,LL/KL
HYB-Hips ,4234,10,11,3,6.6,8.7,21.2,5,2.8,6.7,8.5,23.44,5,LL/KL
HYB-Hips ,4233,9,11,3,6.8,8.7,20.27,6,2.8,6.9,8.8,18,5,LL/KL
HYB-Hips ,4232,8,11,4.3,8.2,10.5,22.95,5,3.9,7.8,10.1,23.3,4,LL/KL
HYB-Hips ,4231,7,11,2.6,6,7.6,23.87,7,3.3,6.9,8.5,19.82,5,LL/KL
HYB-Hips ,4230,6,11,4.2,7.7,9.6,21.69,6,3.5,8.2,9.8,21.03,6,LL/KL
HYB-Hips ,4229,5,11,2.6,6.7,8.1,22.96,4,2.8,6.4,8.2,19.23,5,LL/KL
HYB-Hips ,4228,4,11,2.4,6,7.6,20.03,5,2.2,6.1,7,17.67,4,LL/KL
HYB-Hips ,4227,3,11,5.1,8.8,10.5,37.42,7,4.9,8.7,10.6,32.67,9,LL/KL
HYB-Hips ,4226,2,11,2.6,6,7.5,18.15,3,2.4,6,7.5,17.4,3,LL/KL
HYB-Hips ,5001,2,13,2.4,6,7.5,19.49,4,2,6.1,7.8,21.62,4,LL/KL
HYB-Hips ,5002,3,13,2.2,6.1,7.7,20.39,7,2.7,6.6,8.2,19.86,4,LL/KL
HYB-Hips ,5003,4,13,3.7,6.4,8.1,22.87,6,2.6,6.4,8.1,21.84,6,LL/KL
HYB-Hips ,5004,5,13,2.9,7,8.6,18.48,4,3,6.9,8.1,19.32,5,LL/KL
HYB-Hips ,5005,6,13,2.5,6.6,8.1,22.09,5,2.6,6.7,8.2,22.68,5,LL/KL
HYB-Hips ,5006,7,13,2.7,6.9,8.3,18.48,5,2.5,6.8,8.5,20.43,5,LL/KL
HYB-Hips ,5007,8,13,2.7,7,8.6,18.41,4,2.7,6.6,8.2,20.85,5,LL/KL
HYB-Hips ,5008,9,13,3.4,6.9,9,22.7,5,3.2,6.7,8.1,23.42,6,LL/KL
HYB-Hips ,5009,10,13,2.4,6.4,8.1,24.87,7,3.3,6.7,8,16.84,5,LL/KL
HYB-Hips ,5010,11,13,2.9,7,8.6,22.9,5,2.7,6.8,8.3,17.8,5,LL/KL
HYB-Hips ,5011,12,13,2.8,7,8.7,20.53,5,2.9,6.6,8.3,23.08,5,LL/KL
HYB-Hips ,5012,13,13,3,6.8,8.2,19.16,5,3,7,8.5,19.53,6,LL/KL
HYB-Hips ,5013,14,13,2.8,7,8.6,22.64,6,2.8,7,8.6,22.75,6,LL/KL
HYB-Hips ,5014,15,13,3,6.9,8.5,19.53,4,2.8,6.9,8.4,20.76,5,LL/KL
HYB-Hips ,5015,16,13,2.8,7.3,8.8,23.54,6,2.9,6.7,8.4,22.85,6,LL/KL
HYB-Hips ,5016,17,13,3.2,7.1,8.6,20.71,6,3.2,7,8.5,22.5,6,LL/KL
HYB-Hips ,5017,18,13,3.2,6.5,7.9,19.98,5,3.4,6.9,8.3,20.16,6,LL/KL
HYB-Hips ,5018,19,13,2.9,6.7,8.2,19.03,6,2.9,6.8,8.4,21.82,5,LL/KL
HYB-Hips ,5020,21,13,3,6.6,8,18.66,5,2.7,6.5,7.9,17.41,5,LL/KL
HYB-Hips ,5021,22,13,3.1,6.5,8,23.39,4,3.3,6.6,7.9,16.93,5,LL/KL
HYB-Hips ,5022,23,13,3.2,6.9,8.4,20.3,4,2.8,6.8,8.4,19.37,4,LL/KL
HYB-Hips ,5023,24,13,2.1,6.6,8.1,22.97,6,2.4,6.7,8.3,20.78,4,LL/KL
HYB-Hips ,5024,25,13,2.8,7,8.6,20.78,4,3.2,6.9,8.6,22.3,5,LL/KL
HYB-Hips ,5025,26,13,2.7,6.8,8.5,22.84,4,2.9,6.6,8.3,20.01,4,LL/KL
HYB-Hips ,5050,26,14,3.5,6.8,8.5,18.39,5,3,7,8.5,18.61,4,LL/KL
HYB-Hips ,5049,25,14,3.2,5.6,7,22.23,6,3.8,6.1,7.4,19.44,4,LL/KL
HYB-Hips ,5048,24,14,2.7,5.8,7.8,17.41,6,3.2,6.8,8.9,19.26,4,LL/KL
HYB-Hips ,5047,23,14,3,6.1,7.6,17.68,4,2.5,6.3,7.8,19.21,4,LL/KL
HYB-Hips ,5046,22,14,2.8,6.6,8.2,18.11,5,3.1,6.9,8.5,20.81,5,LL/KL
HYB-Hips ,5045,21,14,4.1,6.9,8.7,24.64,5,3,6.5,8.5,22.86,6,LL/KL
HYB-Hips ,5044,20,14,3.1,6.9,8.7,19.87,5,2.6,6.5,8.2,23.41,5,LL/KL
HYB-Hips ,5043,19,14,2.6,6.8,8.8,32.79,6,3.7,7.3,9.2,23.41,4,LL/KL
HYB-Hips ,5042,18,14,3.5,6.5,7.9,16.58,5,3,6.5,8,17.21,7,LL/KL
HYB-Hips ,5041,17,14,2.5,7.2,9.2,21.61,4,2.4,6.5,8.2,22.13,4,LL/KL
HYB-Hips ,5040,16,14,2.9,5.8,7.2,19.13,5,2.7,5.7,7.1,16.11,5,LL/KL
HYB-Hips ,5039,15,14,2.8,6.6,8.5,19.59,6,3.6,7.2,8.9,21.51,5,LL/KL
HYB-Hips ,5038,14,14,3,6.6,8.5,20.02,6,3,7.4,9.4,19.73,4,LL/KL
HYB-Hips ,5037,13,14,3.4,6.5,7.9,18.86,6,3.1,6.4,8.2,22.48,7,LL/KL
HYB-Hips ,5036,12,14,3.4,6.3,7.8,17.84,5,3.8,6.7,7.8,13.96,5,LL/KL
HYB-Hips ,5035,11,14,3.7,8.2,9.8,25.74,5,3.5,7.3,9.6,25.37,6,LL/KL
HYB-Hips ,5034,10,14,3.7,7.1,8.4,17.74,5,3.3,7,8.8,19.03,6,LL/KL
HYB-Hips ,5033,9,14,4,7.9,10.3,25.62,4,3.4,7.7,9.8,26.43,6,LL/KL
HYB-Hips ,5032,8,14,3.4,7.2,9,26.2,5,3.4,7,9.1,22.95,5,LL/KL
HYB-Hips ,5031,7,14,2.8,7,8.8,23.75,6,2.4,6.8,8.8,22.71,5,LL/KL
HYB-Hips ,5030,6,14,3.2,7.5,9.6,23.21,6,3.1,6.6,8.5,23.91,6,LL/KL
HYB-Hips ,5029,5,14,4.3,7.5,9,15.86,4,3,8.3,10.1,21.04,5,LL/KL
HYB-Hips ,5028,4,14,3,7.9,9.7,22.45,6,3.6,8,10.1,17.71,5,LL/KL
HYB-Hips ,5027,3,14,2.4,6.3,8.1,17.51,4,2.7,6.7,8.7,19.41,4,LL/KL
HYB-Hips ,5026,2,14,2.4,6.7,8.7,18.39,5,2.4,6.6,8.4,18.83,6,LL/KL
HYB-Hips ,5051,2,15,2.9,6.7,8.5,21.67,6,2.9,8.1,8.9,20.22,5,LL/KL
HYB-Hips ,5052,3,15,3.7,6.1,7.5,18.41,5,2.4,6.2,7.6,20.85,5,LL/KL
HYB-Hips ,5053,4,15,2.6,6.8,8.8,22.3,7,3,7.3,9.2,23.01,5,LL/KL
HYB-Hips ,5054,5,15,3.4,7.7,9.6,19.95,7,4,7.6,9.1,23.97,6,LL/KL
HYB-Hips ,5055,6,15,3.1,6.8,8.4,21.43,5,3.4,7.6,8.8,17.75,4,LL/KL
HYB-Hips ,5056,7,15,3,7,8.8,21.24,7,2.7,7.2,7.8,23.68,6,LL/KL
HYB-Hips ,5057,8,15,3.2,7.9,9.5,16.45,7,5,6,9.9,17.55,6,LL/KL
HYB-Hips ,5058,9,15,4,7.2,8.4,21.54,4,3.3,8,8.6,18.92,4,LL/KL
HYB-Hips ,5059,10,15,3.1,7.6,9.5,16.45,5,4.3,6.1,9.2,19.24,4,LL/KL
HYB-Hips ,5060,11,15,3.6,6.9,8.5,21.54,5,2.2,7.6,7.4,18.26,8,LL/KL
HYB-Hips ,5061,12,15,3,6.2,8.1,17.12,6,3.2,5.8,8.6,15.02,5,LL/KL
HYB-Hips ,5062,13,15,2.4,6.1,7.7,23.05,5,3.7,6.2,7.9,16.2,5,LL/KL
HYB-Hips ,5063,14,15,3.4,7.3,8.8,16.62,4,3.2,6.6,8.1,18.64,4,LL/KL
HYB-Hips ,5064,15,15,2.3,6.2,7.9,19,5,2.4,6,7.5,19.92,6,LL/KL
HYB-Hips ,5065,16,15,4.3,7.6,9.3,16.31,5,3.6,8,9,20.08,4,LL/KL
HYB-Hips ,5066,17,15,3,7.2,9.1,19.82,5,3.6,7,0.8,22.94,5,LL/KL
HYB-Hips ,5067,18,15,2.4,6.6,8.4,20.92,5,3.2,7.2,9,17.15,3,LL/KL
HYB-Hips ,5068,19,15,3.3,7,8.7,21.72,4,3.5,7.5,8.8,21.32,4,LL/KL
HYB-Hips ,5069,20,15,3.3,7,8.7,18.37,4,3.1,7,8.9,17.88,5,LL/KL
HYB-Hips ,5070,21,15,3.1,7.2,8.9,21.37,5,3.3,7,8.8,20.42,5,LL/KL
HYB-Hips ,5071,22,15,2.8,7,9.2,20.68,6,2.5,6.7,9,20.21,4,LL/KL
HYB-Hips ,5072,23,15,2.3,7,8.5,22.17,4,2.9,6.7,8.6,18.44,4,LL/KL
HYB-Hips ,5073,24,15,3,7,8.5,20.33,3,3.6,7.4,8.2,18.96,5,LL/KL
HYB-Hips ,5074,25,15,2.8,6.6,8,15.52,4,3.7,7,8.9,19.77,4,LL/KL
HYB-Hips ,5075,26,15,3.6,6.5,8.3,24.07,7,3.3,6.8,8.2,22.77,6,LL/KL
HYB-Hips ,5100,26,16,2.7,7.7,9.5,21.72,6,3,7.5,9.6,14.74,6,LL/KL
HYB-Hips ,5099,25,16,2.7,7.2,9,22.63,5,3.3,7.6,9.2,22.6,6,LL/KL
HYB-Hips ,5098,24,16,3,6.9,8.1,25.03,5,3.2,6.6,8.2,19.23,3,LL/KL
HYB-Hips ,5097,23,16,3.4,7,8.8,23.13,7.46,2.8,6.9,8.6,23,6,LL
HYB-Hips ,5096,22,16,2.7,6.5,8.1,24,8,3.1,6.7,8.4,22,7,LL
HYB-Hips ,5095,21,16,3.3,7.4,9.1,19,6,2.9,6.9,8.5,17,6,LL
HYB-Hips ,5094,20,16,3.8,7.5,9.2,17,9,3.6,7.5,8.8,17,5,LL
HYB-Hips ,5093,19,16,2.6,6.8,8.5,19,5,2.8,6.3,8,18.13,5,LL - KL
HYB-Hips ,5092,18,16,2.8,6.3,8.2,24,6,3.4,5.4,6.6,11.42,4,LL - KL
HYB-Hips ,5091,17,16,3.2,6.5,8.2,19,4,2.8,6.7,8.5,19,6,LL - KL
HYB-Hips ,5090,16,16,3.3,6.4,7.8,14,4,3.8,6.6,8,16,4,LL - KL
HYB-Hips ,5089,15,16,3.5,6.5,8.1,23,7,2.5,6.7,8,23,5,LL - KL
HYB-Hips ,5088,14,16,3,6.8,8.4,19,4,3.1,7,8.9,22,4,LL - KL
HYB-Hips ,5087,13,16,3,7.4,9.2,22,3,2.6,6.7,8.6,21,5,LL - KL
HYB-Hips ,5086,12,16,4,7.4,9,31,6,3.4,7.7,9.1,23,8,LL - KL
HYB-Hips ,5085,11,16,3.7,6.8,9.1,17,5,3.9,7.7,9.2,15,5,LL - KL
HYB-Hips ,5084,10,16,3.6,2.4,9.2,20,5,3.8,7.4,9.1,22,6,LL - KL
HYB-Hips ,5083,9,16,3.7,7.5,10,24,5,3.8,7.6,9.8,24,5,LL - KL
HYB-Hips ,5082,8,16,3.8,8.1,9.8,21,6,4.1,7.2,8.4,15,4,LL - KL
HYB-Hips ,5081,7,16,3.3,7.5,9.3,25,6,3.2,7.4,9.3,22,5,LL - KL
HYB-Hips ,5080,6,16,3.4,7.7,9.3,19,4.36,3.4,8.4,10.1,23,5,LL - KL
HYB-Hips ,5079,5,16,3.6,6.9,9.4,23,6.3,3.6,7.4,9.1,22,6,LL - KL
HYB-Hips ,5078,4,16,4.3,7.9,7.4,17,4,4.2,7.8,9.2,20,5,LL - KL
HYB-Hips ,5077,3,16,4.2,7.5,8.9,15,5,3,7.5,9.4,19,4,LL - KL
HYB-Hips ,5076,2,16,2.7,7.2,9,17,7,2.2,6.6,8.5,15,6,LL - KL
HYB-Hips ,5101,2,17,2.7,6.6,8.7,19.15,3.2,2.8,7,8.8,16.98,3,LL - KL
HYB-Hips ,5102,3,17,2.8,6.5,8.4,22.95,7.92,3,6.7,8.5,21.46,7.43,LL
HYB-Hips ,5103,4,17,3.7,7.9,9.9,19.88,9.72,4.4,8.2,9.9,22,9,LL
HYB-Hips ,5104,5,17,2.8,7.4,9.3,25,7,3.6,6.9,8.6,16,6,LL
HYB-Hips ,5105,6,17,4.2,8,9.8,21.22,11.38,3.8,7.4,9,14.43,7.37,LL
HYB-Hips ,5106,7,17,4.2,7.8,9.5,20.01,13.34,4.1,7.9,9.6,19.25,12.56,LL
HYB-Hips ,5107,8,17,9.7,7,8.8,21.32,8.83,3.3,7.1,9.3,23.97,9.68,LL
HYB-Hips ,5108,9,17,4.4,7.2,8.8,17.04,8.68,2.9,7.4,8.3,11.33,8.04,LL
HYB-Hips ,5109,10,17,2.8,6.4,7.8,18.79,5.56,3.3,7.1,8.7,21.32,5.13,LL
HYB-Hips ,5110,11,17,4.6,7.4,8.7,21.98,4.13,3.7,8.3,9.8,25.64,10.09,LL
HYB-Hips ,5111,12,17,3.6,7.6,9.5,22.17,5.13,2.8,7.2,9.1,18.64,9.77,LL
HYB-Hips ,5112,13,17,3.8,6.5,8.3,15.45,8.76,2.6,5.6,7.2,19.3,5.79,LL
HYB-Hips ,5113,14,17,3.2,7.4,9.1,22.08,7.51,2.7,6.9,8.5,21.71,6.71,LL
HYB-Hips ,5114,15,17,2.4,6.6,8.3,22.11,5.83,2.7,6.5,8.2,17.63,5.69,LL
HYB-Hips ,5115,16,17,2.4,6.7,8.4,22.44,6.98,2.5,6.8,8.3,20.06,6.41,LL
HYB-Hips ,5116,17,17,2.6,6.8,8.6,21.48,8.82,2.9,6.7,8.4,20.04,6.06,LL
HYB-Hips ,5117,18,17,2.6,6.1,8.2,21.71,7.13,2.8,6.3,8,19.55,6.06,LL
HYB-Hips ,5118,19,17,2.9,6.6,8.4,20.39,5.61,2.6,6.4,8.1,20.7,4.94,LL
HYB-Hips ,5119,20,17,2.7,6.9,8.6,18.25,5.98,2.8,6.8,8.4,21.11,7.39,LL
HYB-Hips ,5120,21,17,3.1,6.3,7.5,16.52,6.21,2.8,6.3,8.1,22.04,4.17,LL
HYB-Hips ,5121,22,17,2.6,5.9,7.8,22.53,6.2,2.3,6.1,7.8,19.77,5.32,LL
HYB-Hips ,5122,23,17,2.8,6.4,8,18.22,5.6,2.4,6.2,7.7,22.17,6.83,LL
HYB-Hips ,5123,24,17,3.3,7.1,9,22.97,7.82,2.4,6.7,8.3,21.58,3.98,LL
HYB-Hips ,5124,25,17,3,7.3,8.9,19.55,7.8,3.4,7.2,8.7,20.76,6.72,LL
HYB-Hips ,5125,26,17,2.7,6.6,8.1,22.41,7.63,2.6,6.3,7.6,14.12,5.51,LL
HYB-Hips ,5150,26,18,3,6.7,21,21,4,3.3,6.7,8.8,22,4,LL - KL
HYB-Hips ,5149,25,18,3,6.8,21,21,4,3.1,6.9,8.9,22,4,LL - KL
HYB-Hips ,5148,24,18,3.2,7,22,22,4,2.5,6.9,8.4,21,5,LL - KL
HYB-Hips ,5147,23,18,3.5,6.7,18,18,5,2,6.1,7.4,17,4,LL - KL
HYB-Hips ,5146,22,18,2.5,6.6,24,24,4,3.2,6.8,8.5,19,4,LL - KL
HYB-Hips ,5145,21,18,3,7,16,16,3,3,6.8,8.3,21,5,LL - KL
HYB-Hips ,5144,20,18,3.2,6.8,21,21,5,3.3,7,8.9,27,6,LL - KL
HYB-Hips ,5143,19,18,3.1,6.6,21,21,8,2.8,6.7,8.3,19,7,LL - KL
HYB-Hips ,5142,18,18,3,6.7,20,20,6,2.7,6.4,7.7,22,5,LL - KL
HYB-Hips ,5141,17,18,2.8,6.9,24,24,5,2.4,6.8,8.5,21,4,LL - KL
HYB-Hips ,5140,16,18,3.1,6.8,16,16,5,2.8,6.6,8.1,19,5,LL - KL
HYB-Hips ,5139,15,18,2.9,6.7,21,21,6,2.3,6.5,7.9,23,8,LL - KL
HYB-Hips ,5138,14,18,3.3,7,24,24,5,3,7.1,8.8,26,6,LL - KL
HYB-Hips ,5137,13,18,3.2,6.7,8.4,22,5,3.2,7.1,8.8,21,7,LL - KL
HYB-Hips ,5136,12,18,2.8,6.3,8.1,19,4,3.2,6.8,8.3,16,5,LL - KL
HYB-Hips ,5135,11,18,2.6,6.9,8.6,24,6,2.6,6.8,8.4,18,5,LL - KL
HYB-Hips ,5134,10,18,3.1,7,8.6,24,7,2.7,7.2,9,23,3,LL - KL
HYB-Hips ,5133,9,18,3.2,7,8.7,24,6,3.1,7.2,8.9,23,6,LL - KL
HYB-Hips ,5132,8,18,2.5,6.1,8.8,23,6,3.1,7,8.6,15,5,LL - KL
HYB-Hips ,5131,7,18,3,7.1,9.2,29,7,3.6,7.1,8.8,19,4,LL - KL
HYB-Hips ,5130,6,18,4.4,7.1,8.5,15,6,3.2,7.6,9.1,20,6,LL - KL
HYB-Hips ,5129,5,18,3.3,6.9,8.5,16,6,2.5,6.6,8.4,21,6,LL - KL
HYB-Hips ,5128,4,18,3,6.5,8.3,23,6,3,6.8,8.7,19,5,LL - KL
HYB-Hips ,5127,3,18,3.1,6.8,8.7,18,5,3.3,6.8,8.2,22,5,LL - KL
HYB-Hips ,5126,2,18,2.2,4.8,6.2,18,5,2.4,4.9,6.3,18,5,LL - KL
HYB-Hips ,5151,2,19,2.9,6.8,8.6,21.68,4,2,6.8,8.4,22,4,LL - KL
HYB-Hips ,5152,3,19,3.3,7.2,9.2,21,7,4.5,7.3,9.1,19,8,LL - KL
HYB-Hips ,5153,4,19,4.2,8.1,9.5,18,5,3.9,7.8,9.7,24,7,LL - KL
HYB-Hips ,5154,5,19,3.4,6.6,8.3,20,7,2.9,6.2,7.8,22,6,LL - KL
HYB-Hips ,5155,6,19,3.6,6.2,6.8,20,6,2.9,5.9,8,17,6,LL - KL
HYB-Hips ,5156,7,19,3.8,7.5,8.9,18,5,2.3,7.2,8.8,18,4,LL - KL
HYB-Hips ,5157,8,19,3.7,6.9,8.3,13,4,4.2,6.5,8,14,3,LL - KL
HYB-Hips ,5158,9,19,4.1,7.6,9.9,22,4,3.8,7.9,9.9,21,5,LL - KL
HYB-Hips ,5159,10,19,3.5,7.5,9.3,19,5,3.5,7.3,9,22,7,LL - KL
HYB-Hips ,5160,11,19,3.3,8,9.8,23,6,3.2,7.9,9.3,20,4,LL - KL
HYB-Hips ,5161,12,19,3.5,7.2,9.1,19,5,3,7.2,9,22,6,LL - KL
HYB-Hips ,5162,13,19,3.5,7.3,8.9,20,6,3,6.7,8.4,20,5,LL - KL
HYB-Hips ,5163,14,19,3.7,7.5,9.4,17,4,2.5,7.2,9,17,6,LL - KL
HYB-Hips ,5164,15,19,2.8,7,9.7,22,7,2.8,7,9.8,24,5,LL - KL
HYB-Hips ,5165,16,19,2,6.3,7.7,19,7,2.8,6.6,8.1,15,5,LL - KL
HYB-Hips ,5166,17,19,3.5,7.6,9.2,18,6,3.5,7.6,9.4,23,8,LL - KL
HYB-Hips ,5167,18,19,2.9,7,8.9,19,5,3.9,7.4,9,23,6,LL - KL
HYB-Hips ,5168,19,19,2,5.6,7.2,17,6,2.8,6.1,7.5,19,6,LL - KL
HYB-Hips ,5169,20,19,3.3,7,8.7,17,6,3.6,7,8.1,25,9,CU - KL
HYB-Hips ,5170,21,19,3.1,6.6,8.3,19,6,3,6.6,8.4,20,6,CU - KL
HYB-Hips ,5171,22,19,3.2,6.8,8.3,18,7,3,6.4,8,23,6,CU - KL
HYB-Hips ,5172,23,19,3.4,7.9,9.8,22,6,4.3,8,9.8,21,4,CU - KL
HYB-Hips ,5173,24,19,2.7,7,8.5,19,5,3.2,7.3,8.9,19,6,CU - KL
HYB-Hips ,5174,25,19,2.6,7.2,9.1,18,6,2.7,7.4,9.9,19,5,CU - KL
HYB-Hips ,5175,26,19,3.4,7.3,8.7,23,5,3.3,7.2,9,24,5,CU - KL
HYB-Hips ,5200,26,20,2.8,6.3,7.8,24,5,3.5,6.5,7.5,15,5,CU - KL
HYB-Hips ,5199,25,20,3.9,7.8,9.4,25,7,3.5,7.3,8.8,23,6,CU - KL
HYB-Hips ,5198,24,20,4,7.7,9.2,22,6,4,7.9,9.7,22,6,CU - KL
HYB-Hips ,5197,23,20,3.9,6.5,8.9,23,7,3.4,6.9,8.7,22,6,CU - KL
HYB-Hips ,5196,22,20,4.3,7.9,9.5,19,4,4.6,8,9.4,22,4,CU - KL
HYB-Hips ,5195,21,20,3.2,6.5,8.2,20,5,2.7,6,7.7,20,5,CU - KL
HYB-Hips ,5194,20,20,3.1,6.7,8.3,17,5,3.4,6.9,8.8,23,7,LL
HYB-Hips ,5193,19,20,2.8,6.9,8.3,27,4,2.4,6.3,7.8,21,5,LL
HYB-Hips ,5192,18,20,3.7,6.9,8.4,15,4,3.4,6.5,7.8,15,4,LL
HYB-Hips ,5191,17,20,4,8.3,9.7,26,7,4.1,8.2,9.9,22,5,LL
HYB-Hips ,5190,16,20,3.4,6.8,8.2,16,5,3.1,6.5,8.1,19,6,LL
HYB-Hips ,5189,15,20,3,7,9,22,5,3,6.7,8.6,24,7,LL
HYB-Hips ,5188,14,20,2.9,7.8,9.4,21,5,3.4,8.1,9.1,19,5,LL
HYB-Hips ,5187,13,20,3.9,7.5,8.8,20,5,4.3,7.7,9.3,21,6,LL
HYB-Hips ,5186,12,20,4,7.5,9,18,5,4,7.6,8.8,16,5,LL
HYB-Hips ,5185,11,20,3.8,7.2,8.7,15,5,2.8,6.8,8.3,18,5,LL
HYB-Hips ,5184,10,20,3.4,7.7,9.5,25,7,4,7.9,9.8,19,5,LL
HYB-Hips ,5183,9,20,2.8,6,7.5,22,5,2.6,6,7.6,19,5,LL
HYB-Hips ,5182,8,20,3.3,7.5,9.4,24,8,3.1,7.4,9.1,24,6,LL
HYB-Hips ,5181,7,20,3.2,6.8,8.2,18,5,2.6,6.2,7.7,24,7,LL
HYB-Hips ,5180,6,20,3,7.1,8.9,22,5,3,6.9,8.6,20,6,LL
HYB-Hips ,5179,5,20,4.2,7.3,9.1,22,5,3.9,7.2,8.7,26,5,LL
HYB-Hips ,5178,4,20,3.2,6.6,8.1,20,4,3.1,6.1,8.6,19,4,LL
HYB-Hips ,5177,3,20,3.4,7.6,9.9,22,6,3.8,7.6,9.5,27,7,LL
HYB-Hips ,5176,2,20,3.1,6.5,8.4,17,6,3.2,6.7,8.4,18,6,LL
HYB-Hips ,5201,2,21,3.7,7.7,9.4,21.54,6,3.1,7.6,9.4,19.5,7,CU - KL
HYB-Hips ,5202,3,21,2.5,6.3,8.3,21.1,6,2.8,6.3,8,21.3,7,CU - KL
HYB-Hips ,5203,4,21,3.3,7.2,9,16.2,5,3.1,7,8.7,21.7,6,CU - KL
HYB-Hips ,5204,5,21,3.1,6.4,8,20.2,5,3,6.8,8.3,21.1,6,CU - KL
HYB-Hips ,5205,6,21,3.5,8.6,10.2,20.5,4,3.8,8.2,9.8,17,5,CU - KL
HYB-Hips ,5206,7,21,2.7,6.7,8.9,17.8,7,2.8,6.8,8.4,20.7,6,CU - KL
HYB-Hips ,5207,8,21,3.1,7.1,8.8,22.8,5,4.1,7.9,9.3,20.2,5,CU - KL
HYB-Hips ,5208,9,21,3.8,5.9,7.3,21.7,5,3.3,7.3,8.7,20.9,5,CU - KL
HYB-Hips ,5209,10,21,3.3,7.9,9.6,24.1,8,3.9,9,9.8,26,8,CU - KL
HYB-Hips ,5210,11,21,3.6,7.7,9.2,22,6,3.1,7.7,9.2,22,5,CU - KL
HYB-Hips ,5211,12,21,3.2,6.4,7.9,20.8,7,2.9,6.6,7.9,21,6,CU - KL
HYB-Hips ,5212,13,21,4,7.2,8.7,15.3,5,3.6,6.7,8,21,4,CU - KL
HYB-Hips ,5213,14,21,3.2,7.6,9.2,23,8,3.5,7.6,9.2,24,7,CU - KL
HYB-Hips ,5214,15,21,3.6,6.9,8.5,20.5,7,3,6.7,8.2,24.5,5,CU - KL
HYB-Hips ,5215,16,21,2.7,6.8,8.6,24.5,7,3.2,7.2,9,24.1,6,CU - KL
HYB-Hips ,5216,17,21,2.9,7.3,8.9,14.4,5,3,7.3,9,21.7,5,CU - KL
HYB-Hips ,5217,18,21,4.1,8.2,10,22,6,3.9,7.9,9.4,23.9,5,CU - KL
HYB-Hips ,5218,19,21,2.8,7.2,8.8,21.8,7,3.4,7.4,8.8,18.8,6,CU - KL
HYB-Hips ,5219,20,21,3.2,7.2,8.7,18.4,5,3.2,7.2,8.8,20.9,6,CU - KL
HYB-Hips ,5220,21,21,3.3,7.4,9,23,6,3.8,7.6,9.2,22,5,CU - KL
HYB-Hips ,5221,22,21,2.8,7.4,8.8,24.7,6,3,7.4,8.9,25,6,CU - KL
HYB-Hips ,5222,23,21,4,7.7,9.4,23.8,7,3.7,7.8,9.3,20,6,CU - KL
HYB-Hips ,5223,24,21,2.8,7.1,8.3,20.7,5,3,7.2,8.9,19.3,4,CU - KL
HYB-Hips ,5224,25,21,3.9,8.1,9.8,17.8,7,3.8,8.2,10.1,19.3,7,CU - KL
HYB-Hips ,5225,26,21,2.7,6.5,7.8,22.7,6,3.6,6.3,7.4,18.2,6,CU - KL
HYB-Hips ,5250,26,22,3.2,6.2,7.6,16.5,4,3,6.5,7.8,17,4,CU - KL
HYB-Hips ,5249,25,22,3.1,7,8.6,22,5,3,7.3,7.7,21,5,CU - KL
HYB-Hips ,5248,24,22,2.5,6.8,8.2,17.6,4,3.2,7,8.3,17.6,4,CU - KL
HYB-Hips ,5247,23,22,2.4,6.5,7.7,21,7,2.7,6.5,8,18.65,5,CU - KL
HYB-Hips ,5246,22,22,2.7,6.7,7.2,19.9,6,2.7,6.4,7.9,18.8,4,CU - KL
HYB-Hips ,5245,21,22,3.1,7.3,8.9,19.9,6,3.2,7.5,8.9,20,4,CU - KL
HYB-Hips ,5244,20,22,3.2,7,8.1,20,4,3,7,8.3,19.5,5,CU - KL
HYB-Hips ,5243,19,22,2.9,6.7,8.3,14.3,3,2.8,6.7,8.4,17.7,3,CU - KL
HYB-Hips ,5242,18,22,2.5,6.7,8.3,20,4,2.6,6.6,8.1,21.4,5,CU - KL
HYB-Hips ,5241,17,22,2.4,6.8,8.2,22,4,2.6,6.2,8.2,21,4,CU - KL
HYB-Hips ,5240,16,22,3.3,7.4,8.3,21,4,3.2,7.2,8.5,19.8,5,CU - KL
HYB-Hips ,5239,15,22,2.6,6.8,8.4,21,5,2.8,6.8,8.3,21.7,5,CU - KL
HYB-Hips ,5238,14,22,3.2,7,8,20.7,5,2.9,6.4,7.9,23,7,CU - KL
HYB-Hips ,5237,13,22,2.9,6.7,8,19.3,6,3.3,7.4,8.7,23,7,CU - KL
HYB-Hips ,5236,12,22,2.5,6.5,8.4,22,6,2.6,6.6,8.2,20.9,6,CU - KL
HYB-Hips ,5235,11,22,3.2,6.9,8.7,19.9,3,2.8,6.9,8.2,23.6,6,CU - KL
HYB-Hips ,5234,10,22,2.8,7.2,8.1,18.8,3,3.2,6.9,8.3,17.2,4,CU - KL
HYB-Hips ,5233,9,22,2.5,6.6,8.4,18.6,5,2.9,6.8,8.3,20.7,6,CU - KL
HYB-Hips ,5232,8,22,3.1,6.9,8.1,18,6,3.2,7,8.7,18.1,5,CU - KL
HYB-Hips ,5231,7,22,3,6.7,8,21.4,7,2.8,7.1,8.6,21.4,7,CU - KL
HYB-Hips ,5230,6,22,2.4,6.6,8.2,20.9,5,2.3,6.4,8.7,20.3,5,CU - KL
HYB-Hips ,5229,5,22,2.5,6.8,8.1,19.1,7,2.7,7.1,7.7,22.4,4,CU - KL
HYB-Hips ,5228,4,22,2.8,6.6,7.9,19,5,3,6.7,8.6,17.9,4,CU - KL
HYB-Hips ,5227,3,22,2.3,6.4,8.2,17.02,3,2.7,6.5,8.1,17.9,3,CU - KL
HYB-Hips ,5226,2,22,2.9,6.7,7.3,18.8,4,2.9,6.4,8,17.5,4,CU - KL
HYB-Hips ,6001,2,24,3,6.8,8.1,18.7,5,2.7,6.2,7.9,18.6,5,LL - KL
HYB-Hips ,6002,3,24,2.8,6.7,8.3,22,4,2.9,6.5,8.6,18.2,5,LL - KL
HYB-Hips ,6003,4,24,2.7,6.9,8.5,17.8,4,2.9,7.2,8,20.2,5,LL - KL
HYB-Hips ,6004,5,24,3.5,7,8.8,19.1,5,3.1,7,8.6,19.1,4,LL - KL
HYB-Hips ,6005,6,24,3.2,7.2,9,20,4,3.3,7.1,8.5,17.9,5,LL - KL
HYB-Hips ,6006,7,24,3.8,7.6,8.3,20.2,3,3.6,7.1,8.6,19,5,LL - KL
HYB-Hips ,6007,8,24,2.9,6.9,8.4,18.2,4,2.9,7.1,8.8,18.5,4,LL - KL
HYB-Hips ,6008,9,24,2.7,6.9,8.4,19.2,5,2.7,6.8,8.2,19.4,4,LL - KL
HYB-Hips ,6009,10,24,3,7,8.3,26.4,7,3,7,8.3,18.8,4,CU - KL
HYB-Hips ,6010,11,24,2.9,7.3,8.7,18.5,7,2.8,7,8.5,22.3,6,CU - KL
HYB-Hips ,6011,12,24,2.4,6.7,8.3,23.8,5,2.5,6.7,8.3,19.5,4,CU - KL
HYB-Hips ,6012,13,24,2.8,7.1,8.7,21.4,5,2.6,6.7,8.1,18.8,6,CU - KL
HYB-Hips ,6013,14,24,3.2,6.7,8.3,22,6,2.6,6.3,8.2,23,7,CU - KL
HYB-Hips ,6014,15,24,3.1,7,8.5,19.5,6,2.9,6.9,8.4,19.7,4,CU - KL
HYB-Hips ,6015,16,24,36.3,6.9,8.4,20.4,5,2.3,6.6,8.1,21.8,7,CU - KL
HYB-Hips ,6016,17,24,3,6.4,7.8,17.9,5,3.2,6.8,8.2,19.5,5,CU - KL
HYB-Hips ,6017,18,24,3,6.6,8.1,21.8,4,2.5,6.6,8,19,4,CU - KL
HYB-Hips ,6018,19,24,3.7,6.6,8.1,19.9,4,2.9,6.4,8,22.9,5,CU - KL
HYB-Hips ,6019,20,24,2.7,6.8,8.2,18.2,5,3,6.6,8.1,20.9,4,CU - KL
HYB-Hips ,6020,21,24,3,7,8.4,20.6,9,3,7,8.8,22,5,CU - KL
HYB-Hips ,6021,22,24,2.8,6.6,8,17,3,3.1,6.6,8.2,20.5,5,CU - KL
HYB-Hips ,6022,23,24,2.6,6.9,8.2,21.8,4,3.8,7.2,8,18,4,CU - KL
HYB-Hips ,6023,24,24,3.8,7.3,8.9,18.4,5,3.2,7,8.5,17.3,3,CU - KL
HYB-Hips ,6024,25,24,3,7,8.8,18.9,5,2.6,6.6,8.3,17.3,4,CU - KL
HYB-Hips ,6025,26,24,2.8,6.4,7.9,17.6,4,3.5,6.6,8,24.1,6,CU - KL
HYB-Hips ,6050,26,25,3.7,6.9,8.6,20.1,6,3,6.7,8.3,17.4,6,CU - KL
HYB-Hips ,6049,25,25,2.7,6.9,8.4,19.2,7,2.8,7.3,8,20.6,6,CU - KL
HYB-Hips ,6048,24,25,3,6.2,7.9,17,6,3.5,6,8.3,21.4,6,CU - KL
HYB-Hips ,6047,23,25,3.6,7,8.6,25.3,8,3,7.2,8.8,20.1,5,CU - KL
HYB-Hips ,6046,22,25,3.2,7.9,9.4,21.5,4,2.7,7.2,7.6,18.3,5,CU - KL
HYB-Hips ,6045,21,25,3.1,7,8.5,20.1,5,2.6,6.3,9,20.8,8,CU - KL
HYB-Hips ,6044,20,25,2.2,5.6,7.9,19,7,3.7,6,8.9,18.5,7,CU - KL
HYB-Hips ,6043,19,25,3.1,6.6,8.2,21.9,8,3.5,6.9,7.7,17.2,4,CU - KL
HYB-Hips ,6042,18,25,3,6.5,8.3,21.9,6,3.5,6.6,8.4,15.8,4,CU - KL
HYB-Hips ,6041,17,25,2.6,6.7,8.3,23.2,7,2.7,6.7,8.1,21.9,5,CU - KL
HYB-Hips ,6040,16,25,3.3,7.3,8.8,20.7,54,3.5,7.4,8.8,19.3,3,CU - KL
HYB-Hips ,6039,15,25,3.9,6.6,8.2,14.8,5,3.4,6.5,8.2,20.5,6,CU - KL
HYB-Hips ,6038,14,25,3.6,7,8.5,19.7,5,3,6.7,8.3,17.2,4,CU - KL
HYB-Hips ,6037,13,25,2.7,6.9,8.7,19.5,6,3,7.3,9.1,17.4,7,CU - KL
HYB-Hips ,6036,12,25,4.4,8,9.7,22.2,6,4.7,7.5,9.4,20.8,5,CU - KL
HYB-Hips ,6035,11,25,3.5,8.1,9.8,19.6,5,4,8.2,9.9,20.6,5,CU - KL
HYB-Hips ,6034,10,25,3.2,7.4,8.9,19,5,2.8,7.6,9.3,22,5,CU - KL
HYB-Hips ,6033,9,25,3,7,8.7,24,5,4,7.8,9.5,18,4,CU - KL
HYB-Hips ,6032,8,25,3.7,7.7,9.5,23.2,7,4.1,7.8,9.3,19.8,3,CU - KL
HYB-Hips ,6031,7,25,3.4,7.3,9,17.5,5,3.6,7.7,9.4,23.1,6,CU - KL
HYB-Hips ,6030,6,25,4.1,8.5,10,21.1,6,3.6,8.2,10,23.4,6,CU - KL
HYB-Hips ,6029,5,25,3.9,7.2,8.9,18.3,6,4,7.3,9,17.7,5,CU - KL
HYB-Hips ,6028,4,25,3.2,6.9,8.8,19.4,6,3.1,7.2,9.1,19.6,6,CU - KL
HYB-Hips ,6027,3,25,2.8,6.2,7.5,18.3,5,3,6.3,7.7,17.2,5,CU - KL
HYB-Hips ,6026,2,25,3.9,7.7,9.8,19.5,6,3.9,7.7,8.2,20.7,7,CU - KL
HYB-Hips ,6051,2,26,3.2,6.9,8.2,17.7,5,3.3,6.8,7.3,19.2,6,CU - KL
HYB-Hips ,6052,3,26,3.8,6.2,8.3,20.6,7,3.1,7,7.2,21,8,CU - KL
HYB-Hips ,6053,4,26,3.9,7.7,9.2,19.5,9,3.9,7.6,6.3,20.2,8,CU - KL
HYB-Hips ,6054,5,26,2.9,6.7,9.3,17.7,7,3.5,7.7,7.7,22.2,8,CU - KL
HYB-Hips ,6055,6,26,3.3,6.8,8.5,20.6,6,3,6.6,8.3,19.5,7,CU - KL
HYB-Hips ,6056,7,26,4,7.6,9.4,19.5,6,3.2,7.7,9.4,19.9,6,CU - KL
HYB-Hips ,6057,8,26,3.8,7.7,8.8,24.3,6,3.2,7,8.8,18.4,7,CU - KL
HYB-Hips ,6058,9,26,3.5,7.1,8.7,18.26,7,3.2,7.4,9,17.6,6,CU - KL
HYB-Hips ,6059,10,26,4.2,8,8.2,20.9,6,3.1,6.9,8.7,21.4,5,CU - KL
HYB-Hips ,6060,11,26,3.5,7.2,9.8,20.2,9,4.3,8.9,10.3,20,7,CU - KL
HYB-Hips ,6061,12,26,4.2,7.2,8.2,19.1,7,3.6,7.4,8.8,19.1,5,CU - KL
HYB-Hips ,6062,13,26,3.5,6.7,8.8,21.3,7,3.6,6.9,8.6,19.1,7,CU - KL
HYB-Hips ,6063,14,26,3.3,6.8,8,23,6,3,6.6,8.2,19.4,8,CU - KL
HYB-Hips ,6064,15,26,3,6.5,7.2,18.1,3,2.8,5.8,7.5,19.8,5,CU - KL
HYB-Hips ,6065,16,26,3.5,5.8,7.7,22.3,3,2.8,5.7,7,16.9,3,CU - KL
HYB-Hips ,6066,17,26,3.4,6.2,7.5,18.7,6,3.6,7.2,8.7,19.9,6,CU - KL
HYB-Hips ,6067,18,26,3.8,6.3,8.7,14.6,5,4.4,7,8.9,18.1,7,CU - KL
HYB-Hips ,6068,19,26,3,7.4,9.1,15.4,6,3.3,7,8.9,17.3,6,CU - KL
HYB-Hips ,6069,20,26,4.3,7.7,8.7,16.6,5,4.3,7.7,8.8,17.1,6,CU - KL
HYB-Hips ,6070,21,26,3.2,6.9,8.5,25.2,7,3.9,7.2,8.9,22.6,7,CU - KL
HYB-Hips ,6071,22,26,3.6,7.7,9.3,17.5,6,2.7,6.7,8,22.7,7,CU - KL
HYB-Hips ,6072,23,26,2.6,6.7,8.2,21.6,4,3,7,8.2,20.3,7,CU - KL
HYB-Hips ,6073,24,26,2.4,7.2,9,20.8,4,3.2,7.8,9.2,18.6,7,CU - KL
HYB-Hips ,6074,25,26,3.6,6.7,8,17.9,4,3,6.7,8.3,19.1,5,CU - KL
HYB-Hips ,6075,26,26,3.3,6.8,8.2,17.4,5,2.8,6.8,8.3,20.2,7,CU - KL
HYB-Hips ,6100,26,27,3.5,7,8.7,20.7,6,3,6.3,8,20.4,7,CU - KL
HYB-Hips ,6099,25,27,3.3,7.4,9.1,19,3,2.9,7.1,8.7,20.7,4,CU - KL
HYB-Hips ,6098,24,27,4,6.2,7.6,19.4,5,3.1,6,7.4,20.7,5,CU - KL
HYB-Hips ,6097,23,27,2.8,6.9,8.6,21.8,6,3.3,7.3,9.1,21.6,4,CU - KL
HYB-Hips ,6096,22,27,3.7,7.4,8.7,22.1,4,3,6.7,8.2,21.5,7,CU - KL
HYB-Hips ,6095,21,27,2.2,6.6,8.4,22,6,2,6.5,8.2,16.2,6,CU - KL
HYB-Hips ,6094,20,27,3,6.3,7.7,13.9,5,3.3,7.1,8.3,18.2,5,CU - KL
HYB-Hips ,6093,19,27,2.8,7.3,9.1,18,4,4,7.4,9.1,20.3,4,CU - KL
HYB-Hips ,6092,18,27,4.1,7.1,8.7,16.8,4,4,7.1,8.8,20.3,5,CU - KL
HYB-Hips ,6091,17,27,2.2,6.5,8.1,16.6,5,2.7,6.2,8.1,24.8,5,CU - KL
HYB-Hips ,6090,16,27,3.2,6.5,8.2,25.4,6,3,6.3,8.1,19.5,9,CU - KL
HYB-Hips ,6089,15,27,2.3,6.7,8.3,18.9,5,2.4,7,8.7,20.2,5,CU - KL
HYB-Hips ,6088,14,27,2.7,6.8,8.8,18.6,5,3,7.2,9,22.7,5,CU - KL
HYB-Hips ,6087,13,27,2.6,6,7.2,19.9,7,2.8,6.2,7.7,20.8,6,CU - KL
HYB-Hips ,6086,12,27,4.7,8.4,10.1,20.1,4,4.2,8,10.6,25.8,5,CU - KL
HYB-Hips ,6085,11,27,3.3,8,9.9,20.2,5,3.2,7.3,9.1,24,6,CU - KL
HYB-Hips ,6084,10,27,3.9,8,9.9,18.8,5,3.9,7.7,9.7,17.5,5,CU - KL
HYB-Hips ,6083,9,27,2.7,7.6,9.6,24.7,6,3.5,7.9,9.8,21.9,5,CU - KL
HYB-Hips ,6082,8,27,4,8.4,10.3,26.8,6,3.6,8.1,9.1,20.6,5,CU - KL
HYB-Hips ,6081,7,27,3.2,7.2,8.6,20.2,6,3.6,7.5,8.9,19.8,6,CU - KL
HYB-Hips ,6080,6,27,4.1,6.2,7.9,24.4,6,3.4,7.2,9.9,18.9,6,CU - KL
HYB-Hips ,6079,5,27,4.4,8.8,10.5,17.2,5,3.7,8.2,9.4,17.6,5,CU - KL
HYB-Hips ,6078,4,27,4.4,7.7,9.2,17.3,5,4.2,8,9.4,16.5,5,CU - KL
HYB-Hips ,6077,3,27,3,6.9,8.7,18.1,5,3.5,7,8.6,17,4,CU - KL
HYB-Hips ,6076,2,27,2.7,7,8.8,19,7,3.3,7,8.8,16.7,6,CU - KL
HYB-Hips ,6101,2,28,3,7.2,8.8,20.7,7,3.1,6.9,8.4,22.7,5,CU - KL
HYB-Hips ,6102,3,28,3,7,8.2,17.9,6,2.9,7.3,8.9,20.6,7,CU - KL
HYB-Hips ,6103,4,28,3.2,6.6,8.2,22.1,5,2.9,6.4,8.1,22.9,7,CU - KL
HYB-Hips ,6104,5,28,2.7,5.7,7,21,6,3,6.1,7.6,18.4,7,CU - KL
HYB-Hips ,6105,6,28,4,7.9,9.6,20.1,9,4.2,7.2,9,20.3,8,CU - KL
HYB-Hips ,6106,7,28,3,7,8.6,17.1,7,2.8,6.9,8.5,19.2,6,CU - KL
HYB-Hips ,6107,8,28,4.2,6.9,10,20.6,66,4,8,9.8,23.1,11,CU - KL
HYB-Hips ,6108,9,28,3.4,8,9.9,22,8,3.6,8,10,24,8,CU - KL
HYB-Hips ,6109,10,28,4,7.8,10,20,9,3.9,8.3,9.2,20.9,8,CU - KL
HYB-Hips ,6110,11,28,2.7,7.4,9,21,5,3.6,7.5,7.8,17.2,4,CU - KL
HYB-Hips ,6111,12,28,3.8,6.6,7.7,18.9,5,3,6.4,9.8,19.8,5,CU - KL
HYB-Hips ,6112,13,28,3.5,8.2,9.8,21.4,8,3,8,8.6,21.6,8,CU - KL
HYB-Hips ,6113,14,28,3,7,8.4,19.9,4,3,7.4,8.6,18.2,7,CU - KL
HYB-Hips ,6114,15,28,3.2,7,8.4,20.8,6,3,7,8.5,22.6,5,CU - KL
HYB-Hips ,6115,16,28,3,7.3,8.7,19.2,6,32.3,7.2,8.7,20.3,5,CU - KL
HYB-Hips ,6116,17,28,2.9,7.1,8.5,20.8,8,3,7.1,8.3,20.6,7,CU - KL
HYB-Hips ,6117,18,28,2.6,6.7,8.2,20.3,5,3,6.9,8.9,18.3,5,CU - KL
HYB-Hips ,6118,19,28,3.8,7.8,8.7,19.3,6,3.3,7.6,8.9,19.9,6,CU - KL
HYB-Hips ,6119,20,28,2.7,7,8.4,19.6,5,3,7.6,7.9,21.3,7,CU - KL
HYB-Hips ,6120,21,28,3.4,7.1,8.4,19.1,6,3.4,6.8,8.8,22,4,CU - KL
HYB-Hips ,6121,22,28,3.1,7.5,8.6,23.4,8,3.3,7.5,8.3,22.9,8,CU - KL
HYB-Hips ,6122,23,28,3,7.3,8.4,21.4,5,3.4,7,8.3,21,7,CU - KL
HYB-Hips ,6123,24,28,3.3,7.1,8.2,18.5,6,3.1,7.2,8.5,17.9,6,CU - KL
HYB-Hips ,6124,25,28,2.9,7,8.2,17.8,4,3.2,7.4,8.4,19.3,5,CU - KL
HYB-Hips ,6125,26,28,2.9,7.2,8.6,18.9,5,3,7,8.7,18.8,5,CU - KL
HYB-Hips ,6150,26,29,3.1,6.9,8.6,17.8,4,3,7,8.9,18.6,4,CU - KL
HYB-Hips ,6149,25,29,3.8,8,9.7,21.4,4,3,7.4,8.6,19.4,5,CU - KL
HYB-Hips ,6148,24,29,3,7.3,8.4,19.9,8,3,7.1,8.6,23.4,5,CU - KL
HYB-Hips ,6147,23,29,3,7.4,8.7,19.7,5,2.9,7.4,8.8,18.3,4,CU - KL
HYB-Hips ,6146,22,29,2.9,7.1,8.7,19.9,4,3,7.2,8.8,18.9,4,CU - KL
HYB-Hips ,6145,21,29,2.7,6.9,8.4,17.9,4,3.2,7.2,8.7,19.3,5,CU - KL
HYB-Hips ,6144,20,29,3.6,7.3,8.9,18,4,2.9,7,8.5,18.5,4,CU - KL
HYB-Hips ,6143,19,29,2.8,7.2,8.8,18.6,4,3.3,6.8,8.3,16.9,4,CU - KL
HYB-Hips ,6142,18,29,2.6,7.1,8.7,18.5,4,3,7,8.6,20.8,4,CU - KL
HYB-Hips ,6141,17,29,2.7,7,8.6,18,5,2.6,6.5,7.9,19.1,5,CU - KL
HYB-Hips ,6140,16,29,2.7,6.9,8.4,18.5,5,2.6,6.7,8.2,21.6,5,CU - KL
HYB-Hips ,6139,15,29,3,7.1,8.5,21.2,4,3.8,6.6,7.8,17,4,CU - KL
HYB-Hips ,6138,14,29,2.8,7.1,8.6,21.9,4,2.5,6.7,8.2,20.8,4,CU - KL
HYB-Hips ,6137,13,29,2.9,6.8,8.4,21.3,4,3.2,6.6,7.9,16,3,CU - KL
HYB-Hips ,6136,12,29,3.2,6.9,8.2,21.2,5,2.6,7,8.3,17.4,5,CU - KL
HYB-Hips ,6135,11,29,3,7.3,8.9,18.8,4,3.1,7,8.6,20.3,5,CU - KL
HYB-Hips ,6134,10,29,2.7,7.1,8.6,17.4,5,3.3,7.1,8.6,16.5,4,CU - KL
HYB-Hips ,6133,9,29,3.3,7.2,8.6,19.9,4,3.5,6.9,8.3,22.7,4,CU - KL
HYB-Hips ,6132,8,29,3.9,7.6,8.9,17.7,4,4,7,8.6,17,3,CU - KL
HYB-Hips ,6131,7,29,3,6.6,8.2,21,5,2.8,7,8.3,22.4,5,CU - KL
HYB-Hips ,6130,6,29,2.8,7.1,8.7,18.3,5,3.1,7,8.5,19,3,CU - KL
HYB-Hips ,6129,5,29,3.4,7,8.5,17.9,4,2.7,7,8.6,19.6,5,CU - KL
HYB-Hips ,6128,4,29,2.5,6.9,8.4,18.3,3,3,6.8,8.2,20.3,5,CU - KL
HYB-Hips ,6127,3,29,2.6,6.3,8,21.1,6,2.6,6.8,8.1,21.5,5,CU - KL
HYB-Hips ,6126,2,29,2.5,6.7,8.1,22,5,2.9,6.8,8.3,17.2,4,CU - KL
HYB-Hips ,6151,2,30,3,6.9,8.5,20,4,2.7,6,7.5,22,6,LL
HYB-Hips ,6152,3,30,2.8,6.6,8.1,14,3,3.3,7.5,9.3,20,4,LL
HYB-Hips ,6153,4,30,4,8.4,10.2,20,4,3.2,8.4,10.3,20,4,LL
HYB-Hips ,6154,5,30,2.6,6.9,8.7,19,4,2.7,6.5,8.2,18,5,LL
HYB-Hips ,6155,6,30,2.9,6.8,8.3,21,3,2.3,6.9,8.1,23,3,LL
HYB-Hips ,6156,7,30,3.1,7.1,9.1,22,5,3.4,7.6,9.2,16,3,LL
HYB-Hips ,6157,8,30,3.9,8,9.9,26,6,4.6,8.2,9.8,22,4,LL
HYB-Hips ,6158,9,30,4.6,8.3,10.2,19,4,3.6,8,9.9,18,5,LL
HYB-Hips ,6159,10,30,2.8,7.1,8.8,19.7,6,3,7.5,9,21.6,5,CU - KL
HYB-Hips ,6160,11,30,4.5,7,8.5,17.5,5,3,7.2,8.5,18.8,2,CU - KL
HYB-Hips ,6161,12,30,3.5,8,9.8,21.4,6,3.6,8,9.1,21.8,2,CU - KL
HYB-Hips ,6162,13,30,3.6,7.7,9.3,20.2,8,3.9,7.9,9.4,21.2,5,CU - KL
HYB-Hips ,6163,14,30,3.1,6,8,16.1,5,3.1,6.4,8.4,21.4,6,CU - KL
HYB-Hips ,6164,15,30,3.9,7.8,8.9,20.7,7,3.9,7.1,8.8,21,7,CU - KL
HYB-Hips ,6165,16,30,3.3,6.5,8.3,21.1,6,3.8,7,8.8,22.6,4,CU - KL
HYB-Hips ,6166,17,30,3.8,6.5,8.3,21.6,6,3.5,6.7,8.3,24,8,CU - KL
HYB-Hips ,6167,18,30,4.1,7.6,9,17.9,5,3.9,7.8,9.2,22.7,6,CU - KL
HYB-Hips ,6168,19,30,4,8.1,9.8,21.2,5,4.1,8.2,9.7,23.4,6,CU - KL
HYB-Hips ,6169,20,30,3.6,8.1,10,20,5,3.7,8,9.8,21.8,6,CU - KL
HYB-Hips ,6170,21,30,3,7.2,8.8,22,6,3,6.4,9,20,5.8,CU - KL
HYB-Hips ,6171,22,30,3.8,8.4,9.7,24.1,7,4,8.5,10.1,21,7.1,CU - KL
HYB-Hips ,6172,23,30,3.3,8,9.7,22.3,6,3.5,7.6,9.2,20.5,6.08,CU - KL
HYB-Hips ,6173,24,30,4.6,8.4,9.6,21.9,8,4.4,9.2,10.7,22.2,6.2,CU - KL
HYB-Hips ,6174,25,30,3.8,8,9.4,22.8,5,3.5,8.3,9.7,22.4,5.8,CU - KL
HYB-Hips ,6175,26,30,3,6.7,2.7,18.9,7,2.9,6.6,7.7,21.3,6.1,CU - KL
HYB-Hips ,6200,26,31,3.6,6.3,7.6,16.9,4,3.4,6.3,7.6,20.4,4.2,CU - KL
HYB-Hips ,6199,25,31,3,7,8.4,24.6,8,3.8,6.2,7.5,18.5,6.1,CU - KL
HYB-Hips ,6198,24,31,4.3,7.8,9.3,19.3,7,4.5,8,9.5,21,5.66,CU - KL
HYB-Hips ,6197,23,31,3.8,7.9,8.8,21.5,7,3.5,7.5,9.1,24,8.9,CU - KL
HYB-Hips ,6196,22,31,3.2,7.1,8.7,22,8,2.8,6.3,7.7,21.6,7.8,CU - KL
HYB-Hips ,6195,21,31,3.4,7.1,8.5,18.9,7,2.9,7.3,8.9,21,6.3,CU - KL
HYB-Hips ,6194,20,31,3.2,7.2,8.7,16.8,6,3.6,7.8,9.3,18.8,6.3,CU - KL
HYB-Hips ,6193,19,31,2.6,6.9,8.3,24,8,3.4,7.4,8.9,23.6,8.3,CU - KL
HYB-Hips ,6192,18,31,4.3,8,9.8,21.1,6,4.2,8,9.9,20.7,5,CU - KL
HYB-Hips ,6191,17,31,4.5,7.5,9,17.7,5,3.7,8.1,9.7,19.1,6.1,CU - KL
HYB-Hips ,6190,16,31,2.3,7,8.6,20.5,6,3.4,7.4,9.1,21.7,8.3,CU - KL
HYB-Hips ,6189,15,31,3.4,8.2,10.2,22.2,6,4,8.2,10.2,21.4,7.3,CU - KL
HYB-Hips ,6188,14,31,3,7.1,8.8,18,4,3.1,6.4,7.9,4,18,LL
HYB-Hips ,6187,13,31,4,7.5,9.5,29,8,4.7,8.1,9.7,22,4,LL
HYB-Hips ,6186,12,31,3.5,6.6,8.4,23,4,3,6.6,8.2,25,5,LL
HYB-Hips ,6185,11,31,2.5,7,8.9,23,6,3.1,7,8.6,16,4,LL
HYB-Hips ,6184,10,31,3.3,8,9.6,28,6,4.6,8.5,10.3,19,5,LL
HYB-Hips ,6183,9,31,3.8,6.7,8.1,18,4,3.5,6.3,7.8,16,4,LL
HYB-Hips ,6182,8,31,2.9,7,9,26,6,3.7,7.7,9.7,22,5,LL
HYB-Hips ,6181,7,31,3.4,7.3,9,20,4,3.7,7,8.6,16,3,LL
HYB-Hips ,6180,6,31,3,6.7,8.8,22,4,3,6.9,8.7,21,5,LL
HYB-Hips ,6179,5,31,2.7,6.7,8.8,20,5,3,7,8.7,18,8,LL
HYB-Hips ,6178,4,31,2.4,7,8.7,27,4,3,7,8.6,21,4,LL
HYB-Hips ,6177,3,31,2.7,6.1,7.8,25,5,2.7,6,8,17,5,LL
HYB-Hips ,6176,2,31,2.7,6.2,7.7,18,5,3,6.3,7.9,18,4,LL
HYB-Hips ,6201,2,32,3,7.7,9.5,19,8,3.2,7.6,9.2,22,5,LL
HYB-Hips ,6202,3,32,3.2,7.5,8.8,25,5,3.5,7.3,8.8,20,5,LL
HYB-Hips ,6203,4,32,4.3,8.5,10.3,26,7,4.7,7.2,9.6,15,5,LL
HYB-Hips ,6204,5,32,3.8,8.5,7.8,21,5,3.5,5.7,7.1,6,22,LL
HYB-Hips ,6205,6,32,3.3,6.8,8.4,27,5,2.8,6.8,8.4,23,2,LL
HYB-Hips ,6206,7,32,3.3,8.3,10.3,22,6,3,7.4,8.2,19,2,LL
HYB-Hips ,6207,8,32,4.1,7.4,9.2,24,5,3.7,6.9,8.9,24,2,LL
HYB-Hips ,6208,9,32,3.2,7.1,8.8,17,6,3.5,6.9,8.6,24,6,LL
HYB-Hips ,6209,10,32,3,6.4,7.9,12,4,3.7,6.7,8,4,17,LL
HYB-Hips ,6210,11,32,3.4,7,8.5,24,4,3,6.9,8.3,5,18,LL
HYB-Hips ,6211,12,32,3.2,7.4,9.7,24,6,3.5,7.2,9.2,20,4,LL
HYB-Hips ,6212,13,32,3,7,9,25,7,3.1,6.7,8.7,25,5,LL
HYB-Hips ,6213,14,32,3.8,6.3,8.2,15,6,3.5,7,8.8,23,4,LL
HYB-Hips ,6214,15,32,3.3,6.7,8.4,16,5,3.4,6.8,8.2,16,5,LL
HYB-Hips ,6215,16,32,3.5,6.3,9.1,23,5,3.3,7,9.2,18,6,LL
HYB-Hips ,6216,17,32,2.1,6,7.7,22,7,2.5,6,8,22,5,LL
HYB-Hips ,6217,18,32,3.7,6.4,8.7,21,5,2.7,6.7,8.5,24,5,LL
HYB-Hips ,6218,19,32,2.9,6.9,8.4,20,6,2.8,6.4,8.3,29,6,LL
HYB-Hips ,6219,20,32,4.7,8,9.5,18,6,3.3,7.4,9.1,13,5,LL
HYB-Hips ,6220,21,32,3.3,7.6,8.3,18,6,4,7.7,9.3,19,6,LL
HYB-Hips ,6221,22,32,3.6,7.4,8.9,15,5,3,8.2,9.8,23,6,LL
HYB-Hips ,6222,23,32,3.5,7,8.8,21,6,3.7,7.3,8.9,19,6,LL
HYB-Hips ,6223,24,32,3.5,7.7,9.3,17,4,2.6,7,8.7,19,6,LL
HYB-Hips ,6224,25,32,2.8,6.4,7.7,23,4,2.7,3,7.5,21,7,LL
HYB-Hips ,6225,26,32,2.9,6.1,7.7,27,7,3.2,6.5,8.5,27,4,LL
HYB-Hips ,6250,26,33,2.7,6.7,8.3,23,6,2.8,6.7,8.4,19,5,LL
HYB-Hips ,6249,25,33,3.3,6.9,8.3,18,6,3.2,7.1,8.5,20,7,LL
HYB-Hips ,6248,24,33,3.2,7,8.8,19,5,3.4,7,8.8,20,5,LL
HYB-Hips ,6247,23,33,3.4,7,8.8,22,6,3,7.3,8.8,21,7,LL
HYB-Hips ,6246,22,33,3.1,7,8.6,19,7,2.8,6.8,8.4,20,5,LL
HYB-Hips ,6245,21,33,3,7.3,9,23,6,3.2,7,8.9,21,7,LL
HYB-Hips ,6244,20,33,3,7,8.4,22,5,3.4,7.4,9.2,21,5,LL
HYB-Hips ,6243,19,33,3.4,7,8.5,15,5,3.2,6.7,8.1,19,6,LL
HYB-Hips ,6242,18,33,3.4,7.3,8.6,19,6,2.7,7.2,8.8,24,7,LL
HYB-Hips ,6241,17,33,3,6.8,8.6,17,6,2.6,6.8,8.4,20,5,LL
HYB-Hips ,6240,16,33,3.5,7.5,9.3,24,8,3.8,7.6,9.3,19,4,LL
HYB-Hips ,6239,15,33,3.2,7,8.7,18,6,3.3,6.8,8.4,20,4,LL
HYB-Hips ,6238,14,33,3.5,7,8.7,19,5,3,6.6,8,25,5,LL
HYB-Hips ,6237,13,33,3,7.1,8.9,25,7,3.2,7.7,9.2,19,5,LL
HYB-Hips ,6236,12,33,2.8,6.7,8.6,26,8,2.7,7,8.7,24,6,LL
HYB-Hips ,6235,11,33,3.1,6.7,8.8,20,7,3.4,7.1,8.9,20,5,LL
HYB-Hips ,6234,10,33,3.2,7.7,9.6,22,7,3,7.3,9.2,20,5,LL
HYB-Hips ,6233,9,33,2.6,7,8.8,24,7,2.4,7,8.9,20,7,LL
HYB-Hips ,6232,8,33,3,7,8.8,21,7,4.3,7.4,8.8,19,5,LL
HYB-Hips ,6231,7,33,3.2,7.2,9.2,24,7,2.8,6.8,6.9,19,9,LL
HYB-Hips ,6230,6,33,3.3,6.8,9.7,30,6,3.2,7.6,9.3,21,6,LL
HYB-Hips ,6229,5,33,3.7,7.8,9.7,24,6,4,7.8,9.4,7,23,LL
HYB-Hips ,6228,4,33,2.7,5.7,7,5,13,2.5,6.5,7.9,5,15,LL
HYB-Hips ,6227,3,33,3.8,6.7,8.3,14,5,3.2,5.7,7.7,14,7,LL
HYB-Hips ,6226,2,33,4,7.7,9.3,21,5,3.4,7.2,8.8,13,4,LL