SL NO,Plot No,MF,Name,FF,Name,Remarks,,Border rows flowered : 7/17  and 7/19,,
1,1001,25-Jul,c,27-Jul,c,,,,,
2,1002,25-Jul,c,27-Jul,c,,,,,
3,1003,19-Jul,c,21-Jul,c,,,,,
4,1004,26-Jul,c,28-Aug,c,,,,,
5,1005,28-Jul,c,23/8,c,,,,,
6,1006,27-Jul,c,31-Jul,w,,,,,
7,1007,18-Jul,c,22-Jul,c,,,,,
8,1008,27-Jul,c,31-Jul,w,,,,,
9,1009,16-Jul,c,18-Jul,c,,,,,
10,1010,18-Aug,c,21-Aug,c,,,,,
11,1011,7-Aug,w,7-Aug,w,,,,,
12,1012,17-Jul,c,20-Jul,c,,,,,
13,1013,29-Jul,c,25-Aug,w,"No silking(cobs appears to be very small, some issue with silking",,,,
14,1014,17-Jul,c,23-Jul,c,,,,,
15,1015,20-Jul,c,6-Jul,c,,,,,
16,1016,5-Jul,w,6-Jul,w,,,,,
17,1017,23-Jul,c,26-Jul,c,,,,,
18,1018,26-Jul,c,27-Jul,c,,,,,
19,1019,15-Jul,c,19-Jul,c,,,,,
20,1020,14-Jul,c,18-Jul,c,,,,,
21,1021,28-Jul,c,2-Aug,w,,,,,
22,1022,27-Jul,c,28-Jul,c,,,,,
23,1023,27-Jul,c,29-Jul,c,,,,,
24,1024,1-Aug,w,8-Aug,w,,,,,
25,1025,26-Jul,c,2-Aug,w,,,,,
26,1026,23-Jul,c,2-Aug,w,,,,,
27,1027,23-Jul,c,26-Jul,c,,,,,
28,1028,21-Jul,c,25-Jul,c,,,,,
29,1029,14-Jul,c,15-Jul,c,,,,,
30,1030,12-Jul,J,13-Jul,c,,,,,
31,1031,29-Jul,c,2-Aug,w,,,,,
32,1032,26-Jul,c,2-Aug,w,,,,,
33,1033,27-Jul,c,29-Jul,c,,,,,
34,1034,3-Aug,c,28-Jul,c,,,,,
35,1035,19-Jul,c,29-Jul,c,abnormal tasseling,,,,
36,1036,18-Aug,c,23-Aug,c,Tassels are not opened completely; burnt bez of high temp,,,,
37,1037,27-Jul,c,28-Aug,c,,,,,
38,1038,2-Aug,w,3-Aug,w,,,,,
39,1039,18-Jul,c,24-Jul,c,,,,,
40,1040,17-Jul,c,20-Jul,c,,,,,
41,1041,20-Jul,c,23-Jul,c,,,,,
42,1042,20-Jul,c,22-Jul,c,,,,,
43,1043,27-Jul,c,8-Jul,w,,,,,
44,1044,20-Jul,c,22-Jul,c,,,,,
45,1045,29-Jul,c,2-Aug,w,,,,,
46,1046,23-Jul,c,26-Jul,c,,,,,
47,1047,28-Jul,c,31-Jul,w,,,,,
48,1048,27-Jul,c,2-Aug,w,,,,,
49,1049,28-Jul,c,1-Aug,w,,,,,
50,1050,28-Jul,c,1-Aug,w,,,,,
51,1051,22-Jul,c,26-Jul,c,Tassel phyllodies,,,,
52,1052,1-Aug,w,14-Aug,w,,,,,
53,1053,1-Aug,w,2-Aug,w,,,,,
54,1054,28-Jul,c,3-Aug,w,,,,,
55,1055,20-Jul,c,20-Jul,c,,,,,
56,1056,17-Jul,c,22-Jul,c,,,,,
57,1057,9-Jul,JT,12-Jul,c,,,,,
58,1058,27-Jul,c,29-Jul,c,,,,,
59,1059,28-Jul,c,1-Aug,w,,,,,
60,1060,27-Jul,c,29-Jul,c,,,,,
61,1061,6-Aug,w,13-Aug,w,,,,,
62,1062,22-Jul,c,26-Jul,c,,,,,
63,1063,26-Jul,c,28-Jul,c,,,,,
64,1064,23-Jul,c,27-Jul,c,,,,,
65,1065,29-Jul,c,15-Aug,c,,,,,
66,1066,27-Jul,c,2-Jul,c,,,,,
67,1067,22-Jul,c,25-Jul,c,,,,,
68,1068,29-Jul,c,1-Aug,w,,,,,
69,1069,22-Jul,c,26-Jul,c,,,,,
70,1070,23-Jul,c,27-Jul,c,,,,,
71,1071,21-Jul,c,25-Jul,c,,,,,
72,1072,29-Jul,c,30-Jul,c,,,,,
73,1073,29-Jul,c,1-Aug,w,,,,,
74,1074,27-Jul,c,27-Jul,c,,,,,
75,1075,22-Jul,c,26-Jul,c,,,,,
76,1076,23-Jul,c,27-Jul,c,,,,,
77,1077,27-Jul,c,30-Jul,c,,,,,
78,1078,30-Jul,c,2-Aug,w,,,,,
79,1079,9-Jul,JT,10-Jul,JT,,,,,
80,1080,15-Jul,c,17-Jul,c,"Tassels are more branced, compact in compare to normal",,,,
81,1081,21-Jul,c,26-Jul,c,,,,,
82,1082,27-Jul,c,26-Jul,c,,,,,
83,1083,15-Jul,c,16-Jul,c,,,,,
84,1084,27-Jul,c,31-Jul,w,,,,,
85,1085,24-Jul,c,27-Jul,c,,,,,
86,1086,28-Jul,c,30-Jul,c,,,,,
87,1087,18-Jul,c,20-Jul,c,,,,,
88,1088,20-Jul,c,23-Jul,c,,,,,
89,1089,20-Aug,c,25-Aug,c,Tassels are dried due to high temp,,,,
90,1090,18-Jul,c,19-Jul,c,,,,,
91,1091,14-Jul,c,13-Jul,c,,,,,
92,1092,15-Jul,c,3-Aug,w,,,,,
93,1093,27-Jul,c,1-Aug,w,,,,,
94,1094,21-Jul,c,27-Jul,c,,,,,
95,1095,27-Jul,c,30-Jul,c,,,,,
96,1096,15-Jul,c,17-Jul,c,,,,,
97,1097,27-Jul,c,29-Jul,c,,,,,
98,1098,29-Jul,c,31-Jul,c,,,,,
99,1099,22-Jul,c,26-Jul,c,,,,,
100,1100,23-Jul,c,27-Jul,c,,,,,
101,1101,27-Jul,c,29-Jul,c,,,,,
102,1102,9-Aug,w,9-Aug,w,,,,,
103,1103,14-Aug,w,21-Aug,c,,,,,
104,1104,4-Aug,w,8-Aug,w,,,,,
105,1105,27-Jul,c,30-Jul,c,,,,,
106,1106,21-Jul,c,26-Jul,c,,,,,
107,1107,23-Jul,c,29-Jul,c,,,,,
108,1108,26-Jul,c,29-Jul,c,,,,,
109,1109,22-Jul,c,26-Jul,c,,,,,
110,1110,17-Jul,c,21-Jul,c,,,,,
111,1111,14-Jul,c,23-Jul,c,,,,,
112,1112,23-Jul,c,28-Jul,c,,,,,
113,1113,21-Jul,c,22-Jul,c,,,,,
114,1114,27-Jul,c,30-Jul,c,,,,,
115,1115,13-Jul,c,15-Jul,c,,,,,
116,1116,17-Jul,c,21-Jul,c,,,,,
117,1117,25-Jul,c,30-Jul,c,,,,,
118,1118,26-Jul,c,29-Jul,c,,,,,
119,1119,20-Jul,c,28-Jul,c,,,,,
120,1120,18-Jul,c,18-Jul,c,,,,,
121,1121,29-Jul,c,13-Jul,c,,,,,
122,1122,3-Aug,w,14-Aug,w,,,,,
123,1123,22-Jul,c,30-Jul,c,,,,,
124,1124,22-Jul,c,29-Jul,c,,,,,
125,1125,26-Jul,c,30-Jul,c,,,,,
126,1126,3-Aug,w,2-Aug,w,Tassels are dried(Burnt) due to high temp,,,,
127,1127,3-Sep,c,NA,c,,,,,
128,1128,29-Jul,c,2-Aug,w,,,,,
129,1129,22-Aug,c,26-Aug,c,,,,,
130,1130,5-Aug,w,7-Aug,w,,,,,
131,1131,4-Aug,w,14-Aug,w,,,,,
132,1132,6-Aug,w,7-Aug,w,,,,,
133,1133,8-Aug,w,12-Aug,w,,,,,
134,1134,30-Jul,c,6-Aug,w,,,,,
135,1135,28-Jul,c,30-Jul,c,,,,,
136,1136,1-Aug,w,2-Aug,w,,,,,
137,1137,16-Jul,c,18-Jul,c,,,,,
138,1138,13-Aug,w,13-Aug,w,,,,,
139,1139,14-Aug,w,13-Aug,w,,,,,
140,1140,3-Sep,c,NA,c,,,,,
141,1141,6-Aug,w,8-Aug,w,,,,,
142,1142,20-Jul,c,22-Jul,c,,,,,
143,1143,1-Sep,c,NA,c,,,,,
144,1144,9-Aug,w,7-Aug,w,,,,,
145,1145,3-Aug,c,4-Aug,c,,,,,
146,1146,7-Aug,c,7-Aug,c,,,,,
147,1147,GAP,,GAP,c,,,,,
148,1148,16-Jul,c,22-Jul,c,,,,,
149,1149,27-Jul,c,30-Jul,c,,,,,
150,1150,21-Jul,c,23-Jul,c,,,,,
151,1151,27-Jul,c,29-Jul,c,,,,,
152,1152,22-Jul,c,25-Jul,c,,,,,
153,1153,17-Aug,w,19-Aug,c,,,,,
154,1154,3-Aug,c,6-Aug,c,,,,,
155,1155,22-Jul,c,27-Jul,c,,,,,
156,1156,22-Jul,c,27-Jul,c,,,,,
157,1157,5-Aug,c,9-Aug,w,,,,,
158,1158,23-Jul,c,27-Jul,c,,,,,
159,1159,28-Jul,c,3-Aug,c,,,,,
160,1160,23-Aug,c,7-Sep,c,,,,,
161,1161,29-Jul,c,1-Aug,c,,,,,
162,1162,31-Jul,c,9-Aug,c,,,,,
163,1163,30-Jul,c,5-Aug,c,,,,,
164,1164,22-Jul,c,26-Jul,c,Seggrigation in tassel color(2types),,,,
165,1165,23-Jul,c,20-Jul,c,,,,,
166,1166,1-Sep,c,12-Aug,w,,,,,
167,1167,9-Aug,c,12-Aug,w,,,,,
168,1168,27-Jul,c,5-Aug,c,,,,,
169,1169,7-Aug,c,19-Aug,w,,,,,
170,1170,14-Jul,c,16-Jul,c,,,,,
171,1171,18-Jul,c,20-Jul,c,,,,,
172,1172,27-Jul,c,28-Jul,c,,,,,
173,1173,28-Jul,c,5-Aug,c,,,,,
174,1174,13-Aug,w,22-Aug,w,,,,,
175,1175,2-Aug,c,15-Aug,c,,,,,
176,1176,12-Aug,w,22-Aug,w, tassels are purple in color,,,,
177,1177,20-Aug,c,23-Aug,c,,,,,
178,1178,6-Aug,c,9-Aug,c,,,,,
179,1179,23-Jul,c,27-Jul,c,,,,,
180,1180,20-Aug,c,NA,c,,,,,
181,1181,28-Jul,c,6-Aug,c,,,,,
182,1182,20-Aug,c,5-Sep,c,,,,,
183,1183,23-Aug,w,30-Aug,,tassels emrged and drying due to high temp,,,,
184,1184,9-Aug,c,13-Aug,w,,,,,
185,1185,4-Aug,c,9-Aug,c,,,,,
186,1186,30-Jul,c,2-Aug,c,,,,,
187,1187,24-Aug,c,5-Sep,c,,,,,
188,1188,23-Aug,c,na,c,,,,,
189,1189,28-Jul,c,1-Aug,c,Tassels are dried(Burnt) due to high temp,,,,
190,1190,9-Aug,c,19-Aug,c,,,,,
191,1191,22-Jul,c,26-Jul,c,,,,,
192,1192,20-Jul,c,22-Jul,c,,,,,
193,1193,21-Aug,c,na,c,,,,,
194,1194,18-Aug,c,21-Aug,c,,,,,
195,1195,23-Aug,c,25-Aug,c,,,,,
196,1196,20-Aug,c,27-Jul,c,Seggrigation in tassel color(2types),,,,
197,1197,21-Jul,c,25-Jul,c,,,,,
198,1198,26-Jul,c,10-Aug,c,,,,,
199,1199,18-Jul,c,23-Jul,c,,,,,
200,1200,3-Aug,c,19-Aug,c,,,,,
201,1201,27-Jul,c,30-Jul,c,,,,,
202,1202,11-Aug,w,12-Aug,w,,,,,
203,1203,19-Jul,c,20-Jul,c,,,,,
204,1204,27-Jul,c,30-Jul,c,,,,,
205,1205,18-Jul,c,22-Jul,c,,,,,
206,1206,29-Jul,c,2-Aug,c,,,,,
207,1207,27-Jul,c,3-Aug,c,,,,,
208,1208,27-Jul,c,2-Aug,c,top leaves & Tassels are dried(Burnt) due to high temp,,,,
209,1209,28-Jul,c,2-Aug,c,,,,,
210,1210,1-Aug,c,5-Aug,c,,,,,
211,1211,2-Aug,c,5-Aug,c,plot damged due to wild animals,,,,
212,1212,19-Jul,c,23-Jul,c,,,,,
213,1213,9-Aug,c,14-Aug,w,,,,,
214,1214,20-Jul,c,25-Jul,c,,,,,
215,1215,20-Jul,c,27-Jul,c,,,,,
216,1216,20-Jul,c,21-Jul,c,,,,,
217,1217,16-Jul,c,16-Jul,c,,,,,
218,1218,23-Jul,c,26-Jul,c,,,,,
219,1219,25-Jul,c,20-Aug,c,,,,,
220,1220,27-Jul,c,5-Aug,c,,,,,
221,1221,27-Jul,c,30-Jul,c,,,,,
222,1222,27-Jul,c,30-Jul,c,,,,,
223,1223,28-Jul,c,9-Aug,c,,,,,
224,1224,16-Jul,c,17-Jul,c,,,,,
225,1225,6-Aug,w,9-Aug,w,,,,,
226,1226,22-Jul,c,26-Jul,w,,,,,
227,1227,21-Jul,c,26-Jul,c,,,,,
228,1228,28-Jul,c,2-Aug,c,,,,,
229,1229,20-Jul,c,23-Jul,c,,,,,
230,1230,7-Aug,c,14-Aug,w,,,,,
231,1231,27-Jul,c,3-Aug,c,top leaves & Tassels are dried(Burnt) due to high temp,,,,
232,1232,20-Jul,c,26-Jul,c,Tassels bent; may be due to anthers load on it,,,,
233,1233,23-Jul,c,27-Jul,c,,,,,
234,1234,27-Jul,c,3-Aug,c,top leaves & Tassels are dried(Burnt) due to high temp,,,,
235,1235,27-Jul,c,2-Aug,c,top leaves & Tassels are dried(Burnt) due to high temp,,,,
236,1236,27-Jul,c,3-Aug,c,,,,,
237,1237,28-Jul,c,30-Jul,c,,,,,
238,1238,27-Jul,c,3-Aug,c,,,,,
239,1239,20-Jul,c,30-Jul,c,,,,,
240,1240,29-Jul,c,1-Aug,c,,,,,
241,1241,23-Jul,c,27-Jul,c,,,,,
242,1242,29-Jul,c,31-Jul,c,,,,,
243,1243,6-Aug,c,9-Aug,c,,,,,
244,1244,16-Jul,c,19-Jul,c,,,,,
245,1245,23-Jul,c,27-Jul,c,,,,,
246,1246,3-Aug,c,4-Aug,c,Silking is getting damged due to insect infestation,,,,
247,1247,23-Jul,c,30-Jul,c,,,,,
248,1248,18-Jul,c,22-Jul,c,,,,,
249,1249,23-Jul,c,28-Jul,c,,,,,
250,1250,27-Jul,c,3-Aug,c,top leaves & Tassels are dried(Burnt) due to high temp,,,,
251,1251,29-Jul,c,19-Aug,c,top leaves & Tassels are dried(Burnt) due to high temp: cobs are at just emerging stage,,,,
252,1252,21-Jul,c,27-Jul,c,,,,,
253,1253,7-Aug,c,9-Aug,c,,,,,
254,1254,16-Jul,c,18-Jul,c,,,,,
255,1255,16-Jul,c,30-Jul,c,top leaves & Tassels are dried(Burnt) due to high temp,,,,
256,1256,3-Aug,c,9-Aug,c,,,,,
257,1257,2-Aug,c,20-Aug,c,,,,,
258,1258,6-Aug,c,20-Aug,c,,,,,
259,1259,28-Jul,c,1-Aug,c,,,,,
260,1260,6-Aug,c,23-Aug,c,top leaves dried(Burnt) due to high temp and tiny cobs,,,,
261,1261,3-Aug,c,9-Aug,c,top leaves dried(Burnt) due to high temp and tiny cobs,,,,
262,1262,26-Jul,c,30-Jul,c,,,,,
263,1263,12-Jul,c,13-Jul,c,,,,,
264,1264,26-Jul,c,2-Aug,c,,,,,
265,1265,28-Jul,c,3-Aug,c,,,,,
266,1266,23-Aug,c,,,"only two plant formed the tassel and no cobs, top leaves dried(Burnt) due to high temp",,,,
267,1267,5-Aug,c,20-Aug,c,top leaves dried(Burnt) due to high temp and tiny cobs,,,,
268,1268,30-Jul,c,20-Aug,c,Compact tassel and tiny cobs,,,,
269,1269,1-Sep,c,na ,c,,,,,
270,1270,23-Jul,c,26-Jul,c,,,,,
271,1271,4-Aug,c,9-Aug,c,,,,,
272,1272,27-Jul,c,4-Aug,c,,,,,
273,1273,6-Aug,c,9-Aug,c,,,,,
274,1274,23-Jul,c,31-Jul,c,,,,,
275,1275,14-Jul,c,16-Jul,c,,,,,
276,1276,24-Jul,c,30-Jul,c,Tassel & top leaves dried(Burnt) due to high temp ,,,,
277,1277,27-Jul,c,3-Aug,c,Tassel & top leaves dried(Burnt) due to high temp ,,,,
278,1278,5-Aug,c,20-Aug,c,,,,,
279,1279,27-Jul,c,30-Jul,c,Tassel& top leaves dried(Burnt) due to high temp ,,,,
280,1280,15-Jul,c,25-Aug,c,only three cobs,,,,
281,1281,27-Jul,c,29-Jul,c,,,,,
282,1282,20-Jul,c,23-Jul,c,,,,,
283,1283,22-Jul,c,29-Jul,c,,,,,
284,1284,30-Jul,c,5-Aug,c,,,,,
285,1285,16-Jul,c,23-Jul,c,Tassel conssit of silky stuctures,,,,
286,1286,27-Jul,c,29-Jul,c,,,,,
287,1287,19-Jul,c,26-Jul,c,,,,,
288,1288,27-Jul,c,30-Jul,c,,,,,
289,1289,23-Jul,c,29-Jul,c,,,,,
290,1290,27-Jul,c,3-Aug,c,,,,,
291,1291,26-Jul,c,2-Aug,c,Tassel & top leaves dried(Burnt) due to high temp ,,,,
292,1292,7-Aug,c,12-Aug,c,,,,,
293,1293,27-Jul,c,30-Jul,c,,,,,
294,1294,9-Aug,c,20-Aug,c,,,,,
295,1295,27-Jul,c,30-Jul,c,,,,,
296,1296,6-Aug,c,9-Aug,c,,,,,
297,1297,28-Jul,c,6-Aug,c,Tassel dried(Burnt) due to high temp ,,,,
298,1298,26-Jul,c,28-Jul,c,,,,,
299,1299,9-Aug,c,12-Aug,c,,,,,
300,1300,21-Aug,c,25-Aug,c,,,,,
301,1301,29-Jul,c,4-Aug,c,,,,,
302,1302,3-Sep,c,na,c,Very robust in growth among all the inbreds,,,,
303,1303,18-Jul,c,21-Jul,c,,,,,
304,1304,26-Jul,c,30-Jul,c,,,,,
305,1305,6-Aug,c,14-Aug,c,,,,,
306,1306,23-Jul,c,28-Jul,c,c,,,,
307,1307,22-Jul,c,28-Jul,c,,,,,
308,1308,21-Jul,c,30-Jul,c,,,,,
309,1309,11-Aug,c,na,,,,,,
310,1310,18-Jul,c,20-Jul,c,,,,,
311,1311,15-Jul,c,17-Jul,c,,,,,
312,1312,30-Jul,c,21-Aug,c,,,,,
313,1313,5-Aug,c,8-Aug,c,,,,,
314,1314,10-Aug,c,23-Aug,c,Yellow lesions on leaves,,,,
315,1315,26-Jul,c,30-Jul,c,,,,,
316,1316,25-Jul,c,28-Jul,c,,,,,
317,1317,4-Aug,c,14-Aug,c,,,,,
318,1318,27-Jul,c,4-Aug,c,,,,,
319,1319,25-Jul,c,29-Jul,c,,,,,
320,1320,26-Jul,c,3-Aug,c,Tassel & top leaves dried(Burnt) due to high temp ,,,,
321,1321,2-Aug,c,3-Aug,w,,,,,
322,1322,28-Jul,c,4-Aug,c,,,,,
323,1323,27-Jul,c,4-Aug,c,,,,,
324,1324,27-Jul,c,2-Aug,c,,,,,
325,1325,25-Jul,c,2-Aug,c,,,,,
326,1326,18-Jul,c,24-Jul,c,,,,,
327,1327,20-Jul,c,4-Aug,c,Tassel & top leaves dried(Burnt) due to high temp ,,,,
328,1328,20-Jul,c,25-Jul,c,,,,,
329,1329,21-Jul,c,23-Jul,c,,,,,
330,1330,9-Aug,w,13-Aug,w,,,,,
331,1331,11-Aug,w,1-Sep,c,Most of the cobs are affected by with smut,,,,
332,1332,28-Jul,c,30-Jul,c,,,,,
333,1333,28-Jul,c,5-Aug,c,,,,,
334,1334,23-Jul,c,27-Jul,c,,,,,
335,1335,19-Jul,c,23-Jul,c,,,,,
336,1336,8-Aug,c,25-Aug,c,,,,,
337,1337,15-Jul,c,17-Jul,c,,,,,
338,1338,18-Jul,c,22-Jul,c,,,,,
339,1339,21-Jul,c,3-Aug,c,,,,,
340,1340,16-Jul,c,22-Jul,c,,,,,
341,1341,18-Jul,c,22-Jul,c,,,,,
342,1342,19-Jul,c,23-Jul,c,,,,,
343,1343,28-Jul,c,2-Aug,c,,,,,
344,1344,27-Jul,c,1-Aug,c,Tassel & top leaves dried(Burnt) due to high temp ,,,,
345,1345,25-Jul,c,30-Jul,c,Tassel & top leaves dried(Burnt) due to high temp ,,,,
346,1346,25-Jul,c,1-Aug,c,Tassel & top leaves dried(Burnt) due to high temp ,,,,
347,1347,21-Jul,c,28-Jul,c,,,,,
348,1348,23-Jul,c,28-Jul,c,,,,,
349,1349,16-Jul,c,20-Jul,c,,,,,
350,1350,29-Jul,c,20-Aug,c,Cobs are drying before silking_ due to high temp,,,,
351,1351,8-Jul,c,15-Jul,c,,,,,
352,1352,28-Jul,c,5-Aug,c,,,,,
353,1353,26-Jul,c,1-Aug,c,,,,,
354,1354,14-Jul,c,16-Jul,c,,,,,
355,1355,23-Jul,c,27-Jul,c,,,,,
356,1356,19-Jul,c,22-Jul,c,,,,,
357,1357,22-Jul,c,27-Jul,c,,,,,
358,1358,23-Jul,c,25-Jul,c,Tassel & top leaves dried(Burnt) due to high temp ,,,,
359,1359,18-Jul,c,22-Jul,c,Tassels bent; may be due to anthers load on it,,,,
360,1360,14-Jul,c,12-Jul,c,,,,,
361,1361,14-Jul,c,18-Jul,c,,,,,
362,1362,16-Jul,c,18-Jul,c,"Purple pigmentation on stem and cobs, whole crop dried(burnt) due to high temp",,,,
363,1363,28-Jul,c,30-Jul,c,,,,,
364,1364,23-Jul,c,28-Jul,c,,,,,
365,1365,12-Jul,c,16-Jul,c,Tassels bent; may be due to anthers load on it,,,,
366,1366,23-Jul,c,28-Jul,c,,,,,
367,1367,26-Jul,c,29-Jul,c,,,,,
368,1368,11-Jul,c,15-Jul,c,,,,,
369,1369,26-Jul,c,30-Jul,c,,,,,
370,1370,6-Aug,c,13-Aug,c,,,,,
371,1371,20-Jul,c,26-Jul,c,,,,,
372,1372,16-Jul,c,16-Jul,c,,,,,
373,1373,26-Jul,c,29-Jul,c,,,,,
374,1374,28-Jul,c,3-Aug,c,,,,,
375,1375,12-Jul,c,17-Jul,c,,,,,
376,1376,19-Jul,c,22-Jul,c,,,,,
377,1377,1-Aug,c,6-Aug,c,Tassel & top leaves dried(Burnt) due to high temp ,,,,
378,1378,23-Jul,c,29-Jul,c,Tassel & top leaves dried(Burnt) due to high temp ,,,,
379,1379,6-Aug,c,6-Aug,c,,,,,
380,1380,11-Jul,c,17-Jul,c,,,,,
381,1381,20-Jul,c,23-Jul,c,,,,,
382,1382,21-Jul,c,6-Aug,c,,,,,
383,1383,21-Jul,c,29-Jul,c,,,,,
384,1384,10-Jul,jt,12-Jul,c,,,,,
385,1385,6-Aug,c,9-Aug,c,,,,,
386,1386,14-Jul,c,14-Jul,c,,,,,
387,1387,16-Aug,c,9-Aug,c,,,,,
388,1388,15-Jul,c,17-Jul,c,,,,,
389,1389,25-Jul,c,26-Jul,c,,,,,
390,1390,21-Jul,c,26-Jul,c,,,,,
391,1391,25-Jul,c,1-Aug,c,Tassel & top leaves dried(Burnt) due to high temp ,,,,
392,1392,25-Jul,c,2-Aug,c,Tassel & top leaves dried(Burnt) due to high temp ,,,,
393,1393,1-Aug,c,2-Aug,c,,,,,
394,1394,16-Jul,c,20-Jul,c,,,,,
395,1395,17-Jul,c,19-Jul,c,,,,,
396,1396,28-Jul,c,5-Aug,c,,,,,
397,1397,20-Jul,c,22-Jul,c,,,,,
398,1398,20-Jul,c,22-Jul,c,,,,,
399,1399,20-Jul,c,22-Jul,c,,,,,
400,1400,26-Jul,c,25-Jul,c,,,,,
401,2001,23-Jul,c,27-Jul,c,,,,,
402,2002,18-Jul,c,22-Jul,c,whole population tessale and silking time is uniform,,,,
403,2003,21-Jul,c,28-Jul,c,,,,,
404,2004,15-Jul,c,16-Jul,c,Anthers looks bigger size,,,,
405,2005,1-Aug,c,2-Aug,c,,,,,
406,2006,22-Jul,c,29-Jul,c,,,,,
407,2007,17-Jul,c,21-Jul,c,,,,,
408,2008,27-Jul,c,29-Jul,c,,,,,
409,2009,28-Jul,c,29-Jul,c,,,,,
410,2010,28-Jul,c,5-Aug,c,,,,,
411,2011,14-Jul,c,12-Jul,c,,,,,
412,2012,27-Jul,c,29-Jul,c,,,,,
413,2013,22-Jul,c,24-Jul,c,,,,,
414,2014,22-Jul,c,27-Jul,c,,,,,
415,2015,14-Jul,c,17-Jul,c,,,,,
416,2016,17-Jul,c,21-Jul,c,,,,,
417,2017,20-Jul,c,23-Jul,c,,,,,
418,2018,21-Jul,c,23-Jul,c,,,,,
419,2019,29-Jul,c,8-Aug,w,,,,,
420,2020,27-Jul,c,29-Jul,c,,,,,
421,2021,23-Jul,c,27-Jul,c,,,,,
422,2022,2-Aug,c,8-Aug,c,,,,,
423,2023,27-Jul,c,12-Aug,w,Yellow lesions on leaves,,,,
424,2024,14-Jul,c,79,c,,,,,
425,2025,18-Jul,c,22-Jul,c,Tassels bent; big/ heavier anther on it,,,,
426,2026,23-Jul,c,28-Jul,c,,,,,
427,2027,12-Jul,c,12-Jul,c,,,,,
428,2028,27-Jul,c,29-Jul,c,,,,,
429,2029,14-Jul,c,16-Jul,c,,,,,
430,2030,18-Jul,c,22-Jul,c,,,,,
431,2031,16-Jul,c,18-Jul,c,,,,,
432,2032,26-Jul,c,28-Jul,c,,,,,
433,2033,23-Jul,c,26-Jul,c,,,,,
434,2034,16-Jul,c,18-Jul,c,,,,,
435,2035,10-Aug,c,28-Aug,c,empty tassel and cobs,,,,
436,2036,16-Jul,c,17-Jul,c,,,,,
437,2037,21-Jul,c,31-Jul,w,,,,,
438,2038,20-Jul,c,22-Jul,c,,,,,
439,2039,27-Jul,c,1-Aug,w,,,,,
440,2040,28-Jul,c,1-Aug,w,,,,,
441,2041,20-Jul,c,23-Jul,c,,,,,
442,2042,24-Jul,Cc,26-Jul,c,,,,,
443,2043,12-Jul,c,16-Jul,c,"Auxilerry banches? , or tillers, 3-4 cobs per plant",,,,
444,2044,16-Jul,c,18-Jul,c,Purple pigmentation on stem and cobs,,,,
445,2045,16-Jul,c,18-Jul,c,Pink silk,,,,
446,2046,26-Jul,c,3-Aug,w,,,,,
447,2047,28-Jul,c,2-Aug,w,,,,,
448,2048,27-Jul,c,1-Aug,w,,,,,
449,2049,26-Jul,c,29-Jul,c,,,,,
450,2050,9-Jul,c,11-Jul,c,,,,,
451,2051,27-Jul,c,29-Jul,c,,,,,
452,2052,26-Jul,c,2-Aug,c,,,,,
453,2053,27-Jul,c,30-Jul,c,,,,,
454,2054,26-Jul,c,29-Jul,c,,,,,
455,2055,23-Jul,c,27-Jul,c,,,,,
456,2056,21-Jul,c,23-Jul,c,,,,,
457,2057,24-Jul,c,26-Jul,c,,,,,
458,2058,14-Jul,c,16-Jul,c,,,,,
459,2059,18-Jul,c,22-Jul,c,,,,,
460,2060,29-Jul,c,8-Aug,w,,,,,
461,2061,23-Jul,c,26-Jul,c,,,,,
462,2062,20-Aug,c,23-Aug,w,,,,,
463,2063,8-Aug,c,13-Aug,w,,,,,
464,2064,3-Jul,c,Na,w,,,,,
465,2065,23-Jul,c,28-Jul,c,,,,,
466,2066,30-Jul,c,30-Jul,c,,,,,
467,2067,7-Aug,c,22-Aug,c,,,,,
468,2068,28-Jul,c,2-Aug,w,,,,,
469,2069,27-Jul,c,28-Jul,c,,,,,
470,2070,22-Jul,c,27-Jul,c,,,,,
471,2071,7-Aug,w,2-Aug,w,,,,,
472,2072,gap,c,gap,c,,,,,
473,2073,8-Aug,c,3-Aug,c,,,,,
474,2074,19-Aug,c,20-Aug,c,,,,,
475,2075,30-Jul,c,3-Aug,w,,,,,
476,2076,4-Aug,w,8-Aug,w,,,,,
477,2077,12-Aug,w,16-Aug,w,,,,,
478,2078,30-Jul,c,8-Aug,w,,,,,
479,2079,1-Sep,c,NA,c,,,,,
480,2080,1-Sep,c,NA,c,,,,,
481,2081,4-Aug,w,8-Aug,w,,,,,
482,2082,3-Aug,w,5-Aug,w,"Tassels are damged due to high te,mp",,,,
483,2083,30-Jul,c,5-Aug,w,,,,,
484,2084, 7/20,c,23-Jul,c,,,,,
485,2085,16-Jul,c,16-Jul,c,,,,,
486,2086,1-Aug,w,3-Aug,w,,,,,
487,2087,27-Jul,c,30-Jul,c,,,,,
488,2088,9-Aug,w,12-Aug,w,,,,,
489,2089,28-Jul,c,30-Jul,c,,,,,
490,2090,9-Aug,w,12-Aug,w,,,,,
491,2091,7-Aug,w,19-Aug,c,,,,,
492,2092,30-Jul,c,8-Aug,w,,,,,
493,2093,13-Jul,c,15-Jul,c,,,,,
494,2094,4-Aug,w,10-Aug,w,,,,,
495,2095,23-Aug,c,na,c,Tassels are drying due to high temp,,,,
496,2096,28-Jul,c,3-Aug,w,,,,,
497,2097,23-Jul,c,29-Jul,c,,,,,
498,2098,22-Jul,c,31-Jul,c,,,,,
499,2099,19-Jul,c,23-Jul,c,,,,,
500,2100,19-Jul,c,22-Jul,c,,,,,
501,2101,17-Jul,c,18-Jul,c,,,,,
502,2102,9-Aug,w,19-Aug,c,,,,,
503,2103,27-Jul,c,3-Aug,w,,,,,
504,2104,20-Jul,c,23-Jul,c,,,,,
505,2105,20-Jul,c,24-Jul,c,,,,,
506,2106,28-Jul,c,30-Jul,c,,,,,
507,2107,22-Jul,c,26-Jul,c,,,,,
508,2108,26-Jul,c,30-Jul,c,Tassels are damged due to high temp,,,,
509,2109,4-Aug,w,19-Aug,c,"Few cobs , rest of the plots damged due to high temp(dried)",,,,
510,2110,20-Aug,c,23-Aug,c,,,,,
511,2111,4-Aug,w,20-Aug,c,Tassel damged and abnormal silking,,,,
512,2112,1-Sep,c,Na,c,"Tassel is drying while its still inside flag leaf, due to high temp",,,,
513,2113,29-Jul,c,1-Aug,w,,,,,
514,2114,20-Jul,c,23-Jul,c,,,,,
515,2115,21-Aug,c,30-Aug,c,,,,,
516,2116,3-Aug,w,4-Aug,w,,,,,
517,2117,6-Aug,w,14-Aug,w,,,,,
518,2118,29-Jul,c,7-Aug,w,,,,,
519,2119,4-Aug,w,14-Aug,w,,,,,
520,2120,28-Jul,c,1-Aug,c,,,,,
521,2121,21-Aug,c,5-Sep,c,,,,,
522,2122,27-Jul,c,29-Jul,c,,,,,
523,2123,8-Aug,w,8-Aug,w,,,,,
524,2124,22-Aug,c,na,c,,,,,
525,2125,18-Jul,c,22-Jul,c,,,,,
526,2126,20-Aug,c,na,c,Yellow lesions on leaves,,,,
527,2127,18-Jul,c,22-Jul,c,,,,,
528,2128,5-Aug,w,11-Aug,w,,,,,
529,2129,22-Jul,c,30-Jul,c,,,,,
530,2130,17-Jul,c,22-Jul,c,,,,,
531,2131,7-Aug,w,7-Aug,w,,,,,
532,2132,13-Aug,w,19-Aug,w,,,,,
533,2133,4-Aug,w,4-Aug,w,,,,,
534,2134,31-Jul,w,1-Aug,w,,,,,
535,2135,6-Aug,w,9-Aug,w,,,,,
536,2136,19-Jul,c,22-Jul,c,,,,,
537,2137,9-Aug,w,22-Aug,c,Tassel is in Purple color,,,,
538,2138,12-Aug,w,12-Aug,w,,,,,
539,2139,19-Aug,c,23-Aug,c,,,,,
540,2140,18-Jul,c,21-Jul,c,,,,,
541,2141,25-Jul,c,28-Jul,c,,,,,
542,2142,27-Jul,c,30-Jul,c,,,,,
543,2143,23-Jul,c,26-Jul,c,,,,,
544,2144,24-Jul,c,27-Jul,c,,,,,
545,2145,14-Jul,c,17-Jul,c,,,,,
546,2146,10-Jul,c,13-Jul,c,,,,,
547,2147,12-Jul,c,14-Jul,c,,,,,
548,2148,22-Jul,c,27-Jul,c,,,,,
549,2149,1-Aug,w,5-Aug,w,,,,,
550,2150,26-Jul,c,30-Jul,c,,,,,
551,2151,19-Jul,c,22-Jul,c,,,,,
552,2152,23-Jul,c,27-Jul,c,,,,,
553,2153,20-Jul,c,27-Jul,c,,,,,
554,2154,23-Jul,c,28-Jul,c,,,,,
555,2155,25-Jul,c,28-Jul,c,,,,,
556,2156,18-Jul,c,22-Jul,c,,,,,
557,2157,22-Jul,c,28-Jul,c,,,,,
558,2158,28-Jul,c,3-Aug,w,,,,,
559,2159,27-Jul,c,30-Jul,c,,,,,
560,2160,19-Jul,c,25-Jul,c,,,,,
561,2161,18-Jul,c,17-Jul,c,,,,,
562,2162,26-Jul,c,29-Jul,c,,,,,
563,2163,31-Jul,c,1-Aug,c,,,,,
564,2164,21-Jul,c,21-Jul,c,,,,,
565,2165,27-Jul,c,30-Jul,c,,,,,
566,2166,23-Jul,c,26-Jul,c,,,,,
567,2167,27-Jul,c,30-Jul,c,,,,,
568,2168,27-Jul,c,31-Jul,c,,,,,
569,2169,24-Jul,c,27-Jul,c,,,,,
570,2170,27-Jul,c,2-Aug,c,,,,,
571,2171,1-Aug,c,6-Aug,c,,,,,
572,2172,15-Jul,c,18-Jul,c,,,,,
573,2173,26-Jul,c,29-Jul,c,,,,,
574,2174,6-Aug,c,9-Aug,c,,,,,
575,2175,24-Jul,c,20-Jul,c,,,,,
576,2176,18-Jul,c,30-Jul,c,,,,,
577,2177,23-Jul,c,26-Jul,c,,,,,
578,2178,9-Jul,c,11-Jul,c,,,,,
579,2179,23-Jul,c,27-Jul,c,,,,,
580,2180,22-Jul,c,26-Jul,c,,,,,
581,2181,27-Jul,c,30-Jul,c,,,,,
582,2182,26-Jul,c,1-Aug,c,,,,,
583,2183,18-Jul,c,21-Jul,c,,,,,
584,2184,21-Jul,c,29-Jul,c,,,,,
585,2185,16-Jul,c,19-Jul,c,,,,,
586,2186,25-Jul,c,30-Jul,c,,,,,
587,2187,16-Jul,c,18-Jul,c,,,,,
588,2188,26-Jul,c,2-Aug,c,,,,,
589,2189,16-Aug,w,23-Aug,w,,,,,
590,2190,14-Jul,c,13-Jul,c,,,,,
591,2191,16-Jul,c,18-Jul,c,,,,,
592,2192,16-Jul,c,18-Jul,c,,,,,
593,2193,23-Jul,c,30-Jul,c,,,,,
594,2194,26-Jul,c,30-Jul,c,,,,,
595,2195,14-Jul,c,17-Jul,c,,,,,
596,2196,13-Jul,c,14-Jul,c,,,,,
597,2197,17-Jul,c,18-Jul,c,,,,,
598,2198,22-Jul,c,28-Jul,c,,,,,
599,2199,23-Jul,c,30-Jul,c,,,,,
600,2200,16-Jul,c,18-Jul,c,,,,,
601,2201,10-Jul,c,13-Jul,c,,,,,
602,2202,16-Jul,c,19-Jul,c,,,,,
603,2203,22-Jul,c,27-Jul,c,,,,,
604,2204,2-Aug,c,9-Aug,c,,,,,
605,2205,25-Jul,c,3-Aug,c,Top leaves and tassels are damged due to high temp,,,,
606,2206,27-Jul,c,30-Jul,c,,,,,
607,2207,18-Jul,c,23-Jul,c,,,,,
608,2208,21-Jul,c,26-Jul,c,,,,,
609,2209,17-Jul,c,23-Jul,c,,,,,
610,2210,21-Jul,c,29-Jul,c,,,,,
611,2211,27-Jul,c,29-Jul,c,,,,,
612,2212,20-Jul,c,25-Jul,c,,,,,
613,2213,25-Jul,c,27-Jul,c,,,,,
614,2214,19-Jul,c,23-Jul,c,,,,,
615,2215,19-Jul,c,20-Jul,c,,,,,
616,2216,18-Aug,c,20-Aug,c,Tassels are drying due to high temp,,,,
617,2217,14-Jul,c,14-Jul,c,,,,,
618,2218,26-Jul,c,1-Aug,c,,,,,
619,2219,18-Jul,c,22-Jul,c,Top leaves and tassels are damged due to high temp,,,,
620,2220,20-Jul,c,26-Jul,c,,,,,
621,2221,24-Jul,c,27-Jul,c,,,,,
622,2222,22-Jul,c,27-Jul,c,,,,,
623,2223,22-Jul,c,27-Jul,c,,,,,
624,2224,12-Aug,w,18-Aug,c,,,,,
625,2225,20-Jul,c,23-Jul,c,,,,,
626,2226,20-Jul,c,27-Jul,c,,,,,
627,2227,5-May,c,8-Aug,c,,,,,
628,2228,26-Jul,c,2-Aug,c,Top leaves and tassels are damged due to high temp,,,,
629,2229,15-Jul,c,20-Jul,c,,,,,
630,2230,15-Jul,c,Jul-89,c,,,,,
631,2231,1-Aug,c,4-Aug,c,,,,,
632,2232,15-Jul,c,19-Jul,c,,,,,
633,2233,8-Jul,jt,9-Jul,jt,Male flower likel;y occurred 2days ago,,,,
634,2234,17-Jul,c,21-Jul,c,,,,,
635,2235,27-Jul,c,27-Jul,c,,,,,
636,2236,9-Jul,c,12-Jul,c,,,,,
637,2237,25-Jul,c,2-Aug,c,Top leaves and tassels are damged due to high temp,,,,
638,2238,15-Jul,c,19-Jul,c,,,,,
639,2239,23-Jul,c,27-Jul,c,,,,,
640,2240,12-Jul,c,10-Jul,c,,,,,
641,2241,11-Jul,c,17-Jul,c,,,,,
642,2242,13-Jul,c,15-Jul,c,,,,,
643,2243,17-Jul,c,19-Jul,c,,,,,
644,2244,23-Jul,c,30-Jul,c,Top leaves and tassels are damged due to high temp,,,,
645,2245,17-Jul,c,22-Jul,c,,,,,
646,2246,23-Jul,c,27-Jul,c,,,,,
647,2247,27-Jul,c,9-Aug,c,,,,,
648,2248,21-Jul,c,27-Jul,c,,,,,
649,2249,27-Jul,c,1-Aug,c,Top leaves and tassels are damged due to high temp,,,,
650,2250,16-Jul,c,18-Jul,c,,,,,
651,2251,6-Aug,c,9-Aug,c,,,,,
652,2252,26-Jul,c,4-Aug,c,,,,,
653,2253,19-Aug,c,25-Aug,c,Top leaves and tassels are damged due to high temp,,,,
654,2254,27-Jul,c,1-Aug,c,,,,,
655,2255,20-Jul,c,23-Jul,c,,,,,
656,2256,22-Jul,c,26-Jul,c,,,,,
657,2257,21-Jul,c,27-Jul,c,,,,,
658,2258,28-Jul,c,4-Aug,c,,,,,
659,2259,18-Jul,c,28-Jul,c,,,,,
660,2260,29-Jul,c,9-Aug,c,,,,,
661,2261,28-Jul,c,30-Jul,c,,,,,
662,2262,22-Jul,c,30-Jul,c,,,,,
663,2263,29-Jul,c,20-Aug,c,,,,,
664,2264,20-Jul,c,27-Jul,c,Top leaves and tassels are damged due to high temp,,,,
665,2265,20-Jul,c,28-Jul,c,,,,,
666,2266,17-Jul,c,21-Jul,c,,,,,
667,2267,12-Jul,c,16-Jul,c,,,,,
668,2268,23-Jul,c,27-Jul,c,,,,,
669,2269,25-Jul,c,2-Aug,c,Top leaves and tassels are damged due to high temp,,,,
670,2270,19-Jul,c,22-Jul,c,,,,,
671,2271,19-Jul,c,21-Jul,c,,,,,
672,2272,26-Jul,c,29-Jul,c,,,,,
673,2273,25-Jul,c,30-Jul,c,,,,,
674,2274,2-Aug,c,4-Aug,c,,,,,
675,2275,14-Jul,c,16-Jul,c,,,,,
676,2276,8-Aug,c,9-Aug,c,,,,,
677,2277,30-Jul,c,20-Aug,c,,,,,
678,2278,4-Aug,c,21-Aug,c,,,,,
679,2279,6-Aug,c,20-Aug,c,,,,,
680,2280,14-Jul,c,20-Jul,c,,,,,
681,2281,29-Jul,c,25-Aug,c,"only two cobs, plot is drying due to high temp",,,,
682,2282,23-Jul,c,27-Jul,c,Top leaves and tassels are damged due to high temp,,,,
683,2283,23-Jul,c,29-Jul,c,,,,,
684,2284,19-Jul,c,26-Jul,c,,,,,
685,2285,14-Jul,c,18-Jul,c,,,,,
686,2286,9-Aug,c,19-Aug,c,,,,,
687,2287,28-Jul,c,5-Aug,c,,,,,
688,2288,6-Aug,c,22-Aug,c,,,,,
689,2289,19-Jul,c,23-Jul,c,,,,,
690,2290,27-Jul,c,1-Aug,c,,,,,
691,2291,4-Aug,c,6-Aug,c,,,,,
692,2292,11-Aug,c,20-Aug,c,crop drying due to hig temp; cobs without silking,,,,
693,2293,26-Jul,c,5-Aug,c, tassels are damged due to high temp,,,,
694,2294,19-Jul,c,26-Jul,c,,,,,
695,2295,14-Jul,c,19-Jul,c,,,,,
696,2296,27-Jul,c,23-Aug,c,Top leaves and tassels are damged due to high temp,,,,
697,2297,29-Jul,c,2-Aug,c,,,,,
698,2298,10-Jul,jt,14-Jul,c,,,,,
699,2299,20-Jul,c,23-Jul,c,,,,,
700,2300,24-Jul,c,27-Jul,c,,,,,
701,2301,25-Jul,c,30-Jul,c,,,,,
702,2302,28-Jul,c,30-Jul,c,,,,,
703,2303,27-Jul,c,28-Jul,c,,,,,
704,2304,25-Jul,c,27-Jul,c,,,,,
705,2305,19-Jul,c,24-Jul,c,,,,,
706,2306,30-Jul,c,14-Aug,c,,,,,
707,2307,27-Jul,c,29-Jul,c,,,,,
708,2308,30-Jul,c,14-Aug,c,,,,,
709,2309,30-Jul,c,6-Aug,c,,,,,
710,2310,25-Jul,c,30-Jul,c,,,,,
711,2311,25-Jul,c,30-Jul,c,,,,,
712,2312,26-Jul,c,29-Jul,c,,,,,
713,2313,19-Jul,c,22-Jul,c,,,,,
714,2314,19-Jul,c,25-Jul,c,,,,,
715,2315,9-Aug,c,21-Aug,c,,,,,
716,2316,21-Jul,c,23-Jul,c,,,,,
717,2317,8-Jul,c,19-Jul,c,,,,,
718,2318,20-Jul,c,23-Jul,c,,,,,
719,2319,27-Jul,c,2-Aug,c,,,,,
720,2320,30-Jul,c,9-Aug,c,,,,,
721,2321,14-Jul,c,16-Jul,c,,,,,
722,2322,5-Aug,c,4-Aug,w,,,,,
723,2323,27-Jul,c,30-Jul,c,,,,,
724,2324,25-Jul,c,30-Jul,c,,,,,
725,2325,23-Jul,c,26-Jul,c,,,,,
726,2326,20-Jul,c,22-Jul,c,,,,,
727,2327,12-Jul,c,13-Jul,c,,,,,
728,2328,18-Jul,c,20-Jul,c,,,,,
729,2329,27-Jul,c,30-Jul,c,,,,,
730,2330,1-Aug,c,5-Aug,c,,,,,
731,2331,19-Jul,c,23-Jul,c,,,,,
732,2332,26-Jul,c,29-Jul,c,,,,,
733,2333,17-Jul,c,17-Jul,c,,,,,
734,2334,3-Aug,c,5-Aug,c,,,,,
735,2335,26-Jul,c,30-Jul,c,,,,,
736,2336,23-Jul,c,26-Jul,c,,,,,
737,2337,9-Aug,c,20-Aug,c,,,,,
738,2338,21-Jul,c,27-Jul,c,,,,,
739,2339,28-Jul,c,3-Aug,c,,,,,
740,2340,30-Jul,c,5-Aug,c,,,,,
741,2341,18-Jul,c,21-Jul,c,,,,,
742,2342,3-Sep,c,na,c,,,,,
743,2343,19-Jul,c,23-Jul,c,,,,,
744,2344,19-Jul,c,27-Jul,c,,,,,
745,2345,1-Aug,c,6-Aug,c,,,,,
746,2346,27-Jul,c,29-Jul,c,,,,,
747,2347,28-Jul,c,26-Jul,c,,,,,
748,2348,20-Jul,c,28-Jul,c,,,,,
749,2349,30-Jul,c,16-Aug,w,,,,,
750,2350,28-Jul,c,30-Jul,c,,,,,
751,2351,28-Jul,c,30-Jul,c,,,,,
752,2352,14-Aug,w,1-Sep,c,,,,,
753,2353,28-Jul,c,30-Jul,c,,,,,
754,2354,18-Jul,c,26-Jul,c,,,,,
755,2355,2-Sep,c,na,c,,,,,
756,2356,29-Jul,c,3-Aug,c,,,,,
757,2357,19-Jul,c,30-Jul,c,,,,,
758,2358,16-Jul,c,26-Jul,c,,,,,
759,2359,18-Jul,c,21-Jul,c,,,,,
760,2360,16-Jul,c,18-Jul,c,,,,,
761,2361,18-Jul,c,21-Jul,c,,,,,
762,2362,19-Jul,c,22-Jul,c,,,,,
763,2363,21-Jul,c,27-Jul,c,,,,,
764,2364,5-Aug,c,9-Aug,c,,,,,
765,2365,27-Jul,c,30-Jul,c,Top leaves and tassels are damged due to high temp,,,,
766,2366,25-Jul,c,30-Jul,c,,,,,
767,2367,3-Aug,c,4-Aug,c,,,,,
768,2368,23-Jul,c,30-Jul,c,,,,,
769,2369,28-Jul,c,11-Aug,c,,,,,
770,2370,20-Jul,c,27-Jul,c, tassels are damged due to high temp,,,,
771,2371,24-Jul,c,28-Jul,c,,,,,
772,2372,2-Aug,c,6-Aug,c,,,,,
773,2373,26-Jul,c,2-Aug,c,,,,,
774,2374,19-Jul,c,21-Jul,c,,,,,
775,2375,27-Jul,c,30-Jul,c,,,,,
776,2376,24-Jul,c,30-Jul,c,,,,,
777,2377,19-Jul,c,27-Jul,c,,,,,
778,2378,22-Jul,c,23-Jul,c,,,,,
779,2379,18-Jul,c,20-Jul,c,,,,,
780,2380,20-Jul,c,23-Jul,c,,,,,
781,2381,19-Jul,c,21-Jul,c,,,,,
782,2382,27-Jul,c,30-Jul,c,,,,,
783,2383,23-Jul,c,26-Jul,c,,,,,
784,2384,15-Jul,c,16-Jul,c,,,,,
785,2385,27-Jul,c,28-Jul,c,,,,,
786,2386,27-Jul,c,31-Jul,c,,,,,
787,2387,27-Jul,c,3-Aug,c,Top leaves and tassels are damged due to high temp,,,,
788,2388,"?, na",c,?na,c,,,,,
789,2389,27-Jul,c,30-Jul,c,,,,,
790,2390,26-Jul,c,4-Aug,c,,,,,
791,2391,1-Sep,c,na,c,Top leaves and tassels are damged due to high temp,,,,
792,2392,26-Jul,c,30-Jul,c,,,,,
793,2393,30-Jul,c,5-Aug,c,,,,,
794,2394,28-Jul,c,3-Aug,c,,,,,
795,2395,27-Jul,c,31-Jul,c,,,,,
796,2396,27-Jul,,30-Jul,,,,,,
797,2397,18-Jul,c,16-Jul,c,,,,,
798,2398,18-Jul,c,16-Jul,c,,,,,
799,2399,18-Jul,c,17-Jul,c,,,,,
800,2400,18-Jul,c,17-Jul,c,,,,,